Timestamp (ART),Tipo,Red,Tipo de mensaje,Perfil conectado,Palabra clave de la marca,Recibido de (nombre de la red),Enviado por (usuario de Sprout),Enlace permanente nativo,Enlace permanente,Message,Etiquetas,Etiquetas aplicadas por,Marca de tiempo de la primera etiqueta,Estado de respuesta,Respondido por,Marca de tiempo de primera respuesta,Estado completado,Completado por,Marca de tiempo completada,Estado que le gustó,Apreciado por,Marca de tiempo que le gustó,Estado oculto,Oculto por,Marca de tiempo oculta,ID de mensaje,GUID (Identificación interna),ID de publicación principal,ID de anuncio,ID de campaña publicitaria,ID de cuenta publicitaria,En respuesta a: marca de tiempo,En respuesta a: ID de mensaje,En respuesta a: Mensaje,Estado de la tarea,Persona asignada a la tarea,ID de conversación,Idioma,Sentimiento,Clasificación de spam,Respuesta recomendada,Intención del mensaje
2026-03-01 11:43:19,Incoming,Instagram,Direct Message,centrodeelearning,,charinalex123,,https://ig.me/m/charinalex123,https://app.sproutsocial.com/profile/instagram/ibpr:1571709034089651/pmThread/5616170/igdm:aWdfZAG1faXRlbToxOklHTWVzc2FnZAUlEOjE3ODQxNDQxMDg3MTkwNTIxOjM0MDI4MjM2Njg0MTcxMDMwMTI0NDI2MDEzMTg4OTM1NjEyMzk4MjozMjY5NDU3MDE2MTI0ODk4NjMzNjQyMDg5NDA0OTU2NjcyMAZDZD/?prof_type=ibpr&msg_type=ig_dm&msg_type=ig_story_mention&social_message=True&gid=639479&pollinator_source=export,Una porquería de universidad.,,,,No,,,No,,,No,,,No,,,aWdfZAG1faXRlbToxOklHTWVzc2FnZAUlEOjE3ODQxNDQxMDg3MTkwNTIxOjM0MDI4MjM2Njg0MTcxMDMwMTI0NDI2MDEzMTg4OTM1NjEyMzk4MjozMjY5NDU3MDE2MTI0ODk4NjMzNjQyMDg5NDA0OTU2NjcyMAZDZD,igdm:aWdfZAG1faXRlbToxOklHTWVzc2FnZAUlEOjE3ODQxNDQxMDg3MTkwNTIxOjM0MDI4MjM2Njg0MTcxMDMwMTI0NDI2MDEzMTg4OTM1NjEyMzk4MjozMjY5NDU3MDE2MTI0ODk4NjMzNjQyMDg5NDA0OTU2NjcyMAZDZD,,,,,,,,Not tasked,,ibpr:1571709034089651::ibpr:17841441087190521,es,unclassified,unclassified,unclassified,unclassified
2026-03-01 11:44:33,Incoming,Instagram,Direct Message,centrodeelearning,,charinalex123,,https://ig.me/m/charinalex123,https://app.sproutsocial.com/profile/instagram/ibpr:1571709034089651/pmThread/5616170/igdm:aWdfZAG1faXRlbToxOklHTWVzc2FnZAUlEOjE3ODQxNDQxMDg3MTkwNTIxOjM0MDI4MjM2Njg0MTcxMDMwMTI0NDI2MDEzMTg4OTM1NjEyMzk4MjozMjY5NDU3MTUxMDg3ODIxMzM3MDI0MTEzODA1NTcwODY3MgZDZD/?prof_type=ibpr&msg_type=ig_dm&msg_type=ig_story_mention&social_message=True&gid=639479&pollinator_source=export,Los profesores pasan completamente de lis alumnos. Ese título debe ser de alguien « conectado »,,,,No,,,No,,,No,,,No,,,aWdfZAG1faXRlbToxOklHTWVzc2FnZAUlEOjE3ODQxNDQxMDg3MTkwNTIxOjM0MDI4MjM2Njg0MTcxMDMwMTI0NDI2MDEzMTg4OTM1NjEyMzk4MjozMjY5NDU3MTUxMDg3ODIxMzM3MDI0MTEzODA1NTcwODY3MgZDZD,igdm:aWdfZAG1faXRlbToxOklHTWVzc2FnZAUlEOjE3ODQxNDQxMDg3MTkwNTIxOjM0MDI4MjM2Njg0MTcxMDMwMTI0NDI2MDEzMTg4OTM1NjEyMzk4MjozMjY5NDU3MTUxMDg3ODIxMzM3MDI0MTEzODA1NTcwODY3MgZDZD,,,,,,,,Not tasked,,ibpr:1571709034089651::ibpr:17841441087190521,es,unclassified,unclassified,unclassified,unclassified
2026-03-01 11:48:37,Incoming,Instagram,Direct Message,centrodeelearning,,charinalex123,,https://ig.me/m/charinalex123,https://app.sproutsocial.com/profile/instagram/ibpr:1571709034089651/pmThread/5616170/igdm:aWdfZAG1faXRlbToxOklHTWVzc2FnZAUlEOjE3ODQxNDQxMDg3MTkwNTIxOjM0MDI4MjM2Njg0MTcxMDMwMTI0NDI2MDEzMTg4OTM1NjEyMzk4MjozMjY5NDU3NjAxNTAzNzY2MjUyOTg4NjA3NTUyODE1MTA0MAZDZD/?prof_type=ibpr&msg_type=ig_dm&msg_type=ig_story_mention&social_message=True&gid=639479&pollinator_source=export,"Nunca en esta universidad. Haces y PAGAS un curso pero ahí están lo tutores, que b’no te hacen ningún caso, pero te obligan a PAGAR una segunda inscripción solo por un TFM por el que el tutor no segunda inscripción ha dignado (señorito?) ha hablar contigo. Muy fuerte. Como si a los jóvenes la vida, hoy, les fuera fácil. Esta Universidad está fuera de toda la realidad",,,,No,,,No,,,No,,,No,,,aWdfZAG1faXRlbToxOklHTWVzc2FnZAUlEOjE3ODQxNDQxMDg3MTkwNTIxOjM0MDI4MjM2Njg0MTcxMDMwMTI0NDI2MDEzMTg4OTM1NjEyMzk4MjozMjY5NDU3NjAxNTAzNzY2MjUyOTg4NjA3NTUyODE1MTA0MAZDZD,igdm:aWdfZAG1faXRlbToxOklHTWVzc2FnZAUlEOjE3ODQxNDQxMDg3MTkwNTIxOjM0MDI4MjM2Njg0MTcxMDMwMTI0NDI2MDEzMTg4OTM1NjEyMzk4MjozMjY5NDU3NjAxNTAzNzY2MjUyOTg4NjA3NTUyODE1MTA0MAZDZD,,,,,,,,Not tasked,,ibpr:1571709034089651::ibpr:17841441087190521,es,unclassified,unclassified,unclassified,unclassified
2026-03-01 11:48:58,Incoming,Instagram,Direct Message,centrodeelearning,,charinalex123,,https://ig.me/m/charinalex123,https://app.sproutsocial.com/profile/instagram/ibpr:1571709034089651/pmThread/5616170/igdm:aWdfZAG1faXRlbToxOklHTWVzc2FnZAUlEOjE3ODQxNDQxMDg3MTkwNTIxOjM0MDI4MjM2Njg0MTcxMDMwMTI0NDI2MDEzMTg4OTM1NjEyMzk4MjozMjY5NDU3NjQxNzAxOTUzNTUyMzk5MDM2OTA4NjczNDMzNgZDZD/?prof_type=ibpr&msg_type=ig_dm&msg_type=ig_story_mention&social_message=True&gid=639479&pollinator_source=export,Una porquería de Universidad,,,,No,,,No,,,No,,,No,,,aWdfZAG1faXRlbToxOklHTWVzc2FnZAUlEOjE3ODQxNDQxMDg3MTkwNTIxOjM0MDI4MjM2Njg0MTcxMDMwMTI0NDI2MDEzMTg4OTM1NjEyMzk4MjozMjY5NDU3NjQxNzAxOTUzNTUyMzk5MDM2OTA4NjczNDMzNgZDZD,igdm:aWdfZAG1faXRlbToxOklHTWVzc2FnZAUlEOjE3ODQxNDQxMDg3MTkwNTIxOjM0MDI4MjM2Njg0MTcxMDMwMTI0NDI2MDEzMTg4OTM1NjEyMzk4MjozMjY5NDU3NjQxNzAxOTUzNTUyMzk5MDM2OTA4NjczNDMzNgZDZD,,,,,,,,Not tasked,,ibpr:1571709034089651::ibpr:17841441087190521,es,unclassified,unclassified,unclassified,unclassified
2026-03-01 11:49:54,Incoming,Instagram,Direct Message,centrodeelearning,,charinalex123,,https://ig.me/m/charinalex123,https://app.sproutsocial.com/profile/instagram/ibpr:1571709034089651/pmThread/5616170/igdm:aWdfZAG1faXRlbToxOklHTWVzc2FnZAUlEOjE3ODQxNDQxMDg3MTkwNTIxOjM0MDI4MjM2Njg0MTcxMDMwMTI0NDI2MDEzMTg4OTM1NjEyMzk4MjozMjY5NDU3NzQ0NTMyMzY1NDcxMjUyMjg0NzUzNDcxMDc4NAZDZD/?prof_type=ibpr&msg_type=ig_dm&msg_type=ig_story_mention&social_message=True&gid=639479&pollinator_source=export,Mucha música pero bien que fastidiáis a los alumnos,,,,No,,,No,,,No,,,No,,,aWdfZAG1faXRlbToxOklHTWVzc2FnZAUlEOjE3ODQxNDQxMDg3MTkwNTIxOjM0MDI4MjM2Njg0MTcxMDMwMTI0NDI2MDEzMTg4OTM1NjEyMzk4MjozMjY5NDU3NzQ0NTMyMzY1NDcxMjUyMjg0NzUzNDcxMDc4NAZDZD,igdm:aWdfZAG1faXRlbToxOklHTWVzc2FnZAUlEOjE3ODQxNDQxMDg3MTkwNTIxOjM0MDI4MjM2Njg0MTcxMDMwMTI0NDI2MDEzMTg4OTM1NjEyMzk4MjozMjY5NDU3NzQ0NTMyMzY1NDcxMjUyMjg0NzUzNDcxMDc4NAZDZD,,,,,,,,Not tasked,,ibpr:1571709034089651::ibpr:17841441087190521,es,unclassified,unclassified,unclassified,unclassified
2026-03-01 11:51:28,Incoming,Instagram,Direct Message,centrodeelearning,,charinalex123,,https://ig.me/m/charinalex123,https://app.sproutsocial.com/profile/instagram/ibpr:1571709034089651/pmThread/5616170/igdm:aWdfZAG1faXRlbToxOklHTWVzc2FnZAUlEOjE3ODQxNDQxMDg3MTkwNTIxOjM0MDI4MjM2Njg0MTcxMDMwMTI0NDI2MDEzMTg4OTM1NjEyMzk4MjozMjY5NDU3OTE2Nzc3Mjc3NjY0OTY2NTg3MTM5ODA0MzY0OAZDZD/?prof_type=ibpr&msg_type=ig_dm&msg_type=ig_story_mention&social_message=True&gid=639479&pollinator_source=export,Ah! Pero dais alguna vez certificados? U os dedicáis a renovar y renovar matrículas para sacar dinero?,,,,No,,,No,,,No,,,No,,,aWdfZAG1faXRlbToxOklHTWVzc2FnZAUlEOjE3ODQxNDQxMDg3MTkwNTIxOjM0MDI4MjM2Njg0MTcxMDMwMTI0NDI2MDEzMTg4OTM1NjEyMzk4MjozMjY5NDU3OTE2Nzc3Mjc3NjY0OTY2NTg3MTM5ODA0MzY0OAZDZD,igdm:aWdfZAG1faXRlbToxOklHTWVzc2FnZAUlEOjE3ODQxNDQxMDg3MTkwNTIxOjM0MDI4MjM2Njg0MTcxMDMwMTI0NDI2MDEzMTg4OTM1NjEyMzk4MjozMjY5NDU3OTE2Nzc3Mjc3NjY0OTY2NTg3MTM5ODA0MzY0OAZDZD,,,,,,,,Not tasked,,ibpr:1571709034089651::ibpr:17841441087190521,es,unclassified,unclassified,unclassified,unclassified
2026-03-02 18:32:55,Incoming,Instagram,Comment,centrodeelearning,,macrisofia.d,,https://www.instagram.com/p/DVRR94flD8d/,https://app.sproutsocial.com/profile/instagram/ibpr:1267660645304638/thread/5616170/igmed:18183719440370687/?comment_guid=igc:18091863506024117&comment_created_time=1772487175&gid=639479&pollinator_source=export,"Buenas tardes, hace más 15 días que estoy esperando una respuesta para cambiarme de carrera. Necesito que alguien se contacte conmigo.",,,,No,,,No,,,No,,,No,,,18091863506024117,igc:18091863506024117,18183719440370687,,,,2026-02-27 14:38:04,18183719440370687,"No todo es urgente. No todo es para siempre. Y no todo tiene que resolverse hoy. 🌟

Cuidá tu tiempo, tu energía y tus metas. Lo que hagas hoy suma, pero también es válido descansar, recalcular y volver a intentarlo. 🌱

Cada día es una oportunidad distinta.

Hoy no es siempre. ❤️",Not tasked,,,es,unclassified,unclassified,unclassified,unclassified
2026-03-02 18:39:09,Incoming,Instagram,Comment,centrodeelearning,,macrisofia.d,,https://www.instagram.com/p/DVRR94flD8d/,https://app.sproutsocial.com/profile/instagram/ibpr:1267660645304638/thread/5616170/igmed:18183719440370687/?comment_guid=igc:18208282234325891&reply_guid=igc:18033817208599151&comment_created_time=1772487549&gid=639479&pollinator_source=export,"@maaxii_exe yo estoy hace más de 15 días tratando de que me den una solución. Solamente me responden del mail de “Ventas” diciendo que no es el área correspondiente, y me derivan a un bot de WhatsApp y no se comunica nadie. Bajísimo que se manejen tan mal, una vez que ya pagué matrícula y cuota no les interesa en brindar el servicio correspondiente.",,,,No,,,No,,,No,,,No,,,18033817208599151,igc:18033817208599151,18183719440370687,,,,2026-02-27 14:38:04,18183719440370687,"No todo es urgente. No todo es para siempre. Y no todo tiene que resolverse hoy. 🌟

Cuidá tu tiempo, tu energía y tus metas. Lo que hagas hoy suma, pero también es válido descansar, recalcular y volver a intentarlo. 🌱

Cada día es una oportunidad distinta.

Hoy no es siempre. ❤️",Not tasked,,,es,unclassified,unclassified,unclassified,unclassified
2026-03-03 11:23:17,Incoming,Instagram,Direct Message,centrodeelearning,,macrisofia.d,,https://ig.me/m/macrisofia.d,https://app.sproutsocial.com/profile/instagram/ibpr:1267660645304638/pmThread/5616170/igdm:aWdfZAG1faXRlbToxOklHTWVzc2FnZAUlEOjE3ODQxNDQxMDg3MTkwNTIxOjM0MDI4MjM2Njg0MTcxMDMwMTI0NDI2MDIxNTIyNzMwNzc5NDU0MTozMjY5NzczNTU2OTczOTM1MzM3MTE2MTA1NTAwODM5MTE2OAZDZD/?prof_type=ibpr&msg_type=ig_dm&msg_type=ig_story_mention&social_message=True&gid=639479&pollinator_source=export,Mi dni es 38690430,,,,No,,,No,,,No,,,No,,,aWdfZAG1faXRlbToxOklHTWVzc2FnZAUlEOjE3ODQxNDQxMDg3MTkwNTIxOjM0MDI4MjM2Njg0MTcxMDMwMTI0NDI2MDIxNTIyNzMwNzc5NDU0MTozMjY5NzczNTU2OTczOTM1MzM3MTE2MTA1NTAwODM5MTE2OAZDZD,igdm:aWdfZAG1faXRlbToxOklHTWVzc2FnZAUlEOjE3ODQxNDQxMDg3MTkwNTIxOjM0MDI4MjM2Njg0MTcxMDMwMTI0NDI2MDIxNTIyNzMwNzc5NDU0MTozMjY5NzczNTU2OTczOTM1MzM3MTE2MTA1NTAwODM5MTE2OAZDZD,,,,,,,,Not tasked,,ibpr:1267660645304638::ibpr:17841441087190521,pl,unclassified,unclassified,unclassified,unclassified
2026-03-03 11:25:29,Incoming,Instagram,Direct Message,centrodeelearning,,macrisofia.d,,https://ig.me/m/macrisofia.d,https://app.sproutsocial.com/profile/instagram/ibpr:1267660645304638/pmThread/5616170/igdm:aWdfZAG1faXRlbToxOklHTWVzc2FnZAUlEOjE3ODQxNDQxMDg3MTkwNTIxOjM0MDI4MjM2Njg0MTcxMDMwMTI0NDI2MDIxNTIyNzMwNzc5NDU0MTozMjY5NzczODAwNDcyNTY5MzU1NTE0MjI5MDQ2ODUwMzU1MgZDZD/?prof_type=ibpr&msg_type=ig_dm&msg_type=ig_story_mention&social_message=True&gid=639479&pollinator_source=export,Desde el 18 de febrero que no tengo respuesta,,,,No,,,No,,,No,,,No,,,aWdfZAG1faXRlbToxOklHTWVzc2FnZAUlEOjE3ODQxNDQxMDg3MTkwNTIxOjM0MDI4MjM2Njg0MTcxMDMwMTI0NDI2MDIxNTIyNzMwNzc5NDU0MTozMjY5NzczODAwNDcyNTY5MzU1NTE0MjI5MDQ2ODUwMzU1MgZDZD,igdm:aWdfZAG1faXRlbToxOklHTWVzc2FnZAUlEOjE3ODQxNDQxMDg3MTkwNTIxOjM0MDI4MjM2Njg0MTcxMDMwMTI0NDI2MDIxNTIyNzMwNzc5NDU0MTozMjY5NzczODAwNDcyNTY5MzU1NTE0MjI5MDQ2ODUwMzU1MgZDZD,,,,,,,,Not tasked,,ibpr:1267660645304638::ibpr:17841441087190521,es,unclassified,unclassified,unclassified,unclassified
2026-03-03 11:25:50,Incoming,Instagram,Direct Message,centrodeelearning,,macrisofia.d,,https://ig.me/m/macrisofia.d,https://app.sproutsocial.com/profile/instagram/ibpr:1267660645304638/pmThread/5616170/igdm:aWdfZAG1faXRlbToxOklHTWVzc2FnZAUlEOjE3ODQxNDQxMDg3MTkwNTIxOjM0MDI4MjM2Njg0MTcxMDMwMTI0NDI2MDIxNTIyNzMwNzc5NDU0MTozMjY5NzczODQwNDE1MTEyNDUyMTc5MTU0NTgxNjM4MzQ4OAZDZD/?prof_type=ibpr&msg_type=ig_dm&msg_type=ig_story_mention&social_message=True&gid=639479&pollinator_source=export,Ahí tenes los nombres de las dos personas que me escribieron y que nunca más me contestaron,,,,No,,,No,,,No,,,No,,,aWdfZAG1faXRlbToxOklHTWVzc2FnZAUlEOjE3ODQxNDQxMDg3MTkwNTIxOjM0MDI4MjM2Njg0MTcxMDMwMTI0NDI2MDIxNTIyNzMwNzc5NDU0MTozMjY5NzczODQwNDE1MTEyNDUyMTc5MTU0NTgxNjM4MzQ4OAZDZD,igdm:aWdfZAG1faXRlbToxOklHTWVzc2FnZAUlEOjE3ODQxNDQxMDg3MTkwNTIxOjM0MDI4MjM2Njg0MTcxMDMwMTI0NDI2MDIxNTIyNzMwNzc5NDU0MTozMjY5NzczODQwNDE1MTEyNDUyMTc5MTU0NTgxNjM4MzQ4OAZDZD,,,,,,,,Not tasked,,ibpr:1267660645304638::ibpr:17841441087190521,es,unclassified,unclassified,unclassified,unclassified
2026-03-03 11:27:18,Incoming,Instagram,Direct Message,centrodeelearning,,macrisofia.d,,https://ig.me/m/macrisofia.d,https://app.sproutsocial.com/profile/instagram/ibpr:1267660645304638/pmThread/5616170/igdm:aWdfZAG1faXRlbToxOklHTWVzc2FnZAUlEOjE3ODQxNDQxMDg3MTkwNTIxOjM0MDI4MjM2Njg0MTcxMDMwMTI0NDI2MDIxNTIyNzMwNzc5NDU0MTozMjY5Nzc0MDAzMTM4OTkwNDEyNjQyMDgxNzIyMjMwMzc0NAZDZD/?prof_type=ibpr&msg_type=ig_dm&msg_type=ig_story_mention&social_message=True&gid=639479&pollinator_source=export,"Necesito una solución para hoy, porque en caso contrario necesito que me realicen el reintegro de lo abonado o realizaré la denuncia pertinente",,,,No,,,No,,,No,,,No,,,aWdfZAG1faXRlbToxOklHTWVzc2FnZAUlEOjE3ODQxNDQxMDg3MTkwNTIxOjM0MDI4MjM2Njg0MTcxMDMwMTI0NDI2MDIxNTIyNzMwNzc5NDU0MTozMjY5Nzc0MDAzMTM4OTkwNDEyNjQyMDgxNzIyMjMwMzc0NAZDZD,igdm:aWdfZAG1faXRlbToxOklHTWVzc2FnZAUlEOjE3ODQxNDQxMDg3MTkwNTIxOjM0MDI4MjM2Njg0MTcxMDMwMTI0NDI2MDIxNTIyNzMwNzc5NDU0MTozMjY5Nzc0MDAzMTM4OTkwNDEyNjQyMDgxNzIyMjMwMzc0NAZDZD,,,,,,,,Not tasked,,ibpr:1267660645304638::ibpr:17841441087190521,es,unclassified,unclassified,unclassified,unclassified
2026-03-03 14:39:46,Incoming,LinkedIn,Company Mention Post,Centro de e-Learning UTN FRBA,,lisandro-giannasi,,https://www.linkedin.com/feed/update/urn:li:share:7434653762608238592,https://app.sproutsocial.com/profile/linkedin/lipr:NQi0A-P65R/thread/4941568/licmp:urn:li:share:7434653762608238592/?gid=639479&pollinator_source=export,"Estoy en búsqueda de una oportunidad laboral en Comercio Exterior, en posiciones junior como Auxiliar o Analista.
Recientemente finalicé la Diplomatura en Gestión Aduanera en Centro de e-Learning UTN FRBA y próximamente comenzaré el programa de Experto Universitario en Comercio Exterior en la UTN Buenos Aires , con la intención de seguir formándome y especializándome en el área.

Estoy dando este paso con mucha motivación y compromiso. Busco una oportunidad donde pueda aprender desde la práctica, aportar responsabilidad y crecer dentro del sector.

Si sabés de alguna empresa que esté incorporando perfiles junior en Rosario (o modalidad híbrida/remota), agradeceré mucho el contacto o la recomendación.

Gracias por leer 🙌
#ComercioExterior #GestiónAduanera #Importación #Exportación #BúsquedaLaboral #Rosario",,,,No,,,No,,,No,,,No,,,urn:li:share:7434653762608238592,licmp:urn:li:share:7434653762608238592,,,,,,,,Not tasked,,,es,unclassified,unclassified,unclassified,unclassified
2026-03-03 19:21:04,Incoming,Instagram,Comment,centrodeelearning,,lihuel96,,https://www.instagram.com/p/DVZZe93EQDO/,https://app.sproutsocial.com/profile/instagram/ibpr:1295340769078196/thread/5616170/igmed:18095479705960761/?comment_guid=igc:18041037626549992&reply_guid=igc:18058250588395403&comment_created_time=1772576464&gid=639479&pollinator_source=export,"@macrisofia.d son un desastre para contestar. Yo estoy anotado en un curso que empezo hace mas de 10 dias, no me figura el curso en el campus virtual y no me contestan. Se esta cayendo a pedazos la atencion al cliente",,,,No,,,No,,,No,,,No,,,18058250588395403,igc:18058250588395403,18095479705960761,,,,2026-03-02 18:17:40,18095479705960761,"A veces no necesitás más información, necesitás un empujón 💪

Guardar este post puede ser el recordatorio que te falte cuando vuelvan las dudas. 😉

No tenés que tener todo claro.
No tiene que ser el momento perfecto.
No llegaste tarde.

Solo hace falta animarte a dar el próximo paso, incluso con miedo. 

¿Cuál es ese paso que venís postergando? 👀",Not tasked,,,es,unclassified,unclassified,unclassified,unclassified
2026-03-03 19:22:40,Incoming,Instagram,Comment,centrodeelearning,,lihuel96,,https://www.instagram.com/p/DVZZe93EQDO/,https://app.sproutsocial.com/profile/instagram/ibpr:1295340769078196/thread/5616170/igmed:18095479705960761/?comment_guid=igc:17902102512381802&reply_guid=igc:18073019810430116&comment_created_time=1772576560&gid=639479&pollinator_source=export,"Estamos todos en la misma, yo logre que me respondan y me dijeron que se iban a comunicar conmigo por otro medio para que me solucionen el problema….. aca seguimos esperando sin poder entrar al curso y el curso empezo hace mas de 10 dias. Un DESASTRE",,,,No,,,No,,,No,,,No,,,18073019810430116,igc:18073019810430116,18095479705960761,,,,2026-03-02 18:17:40,18095479705960761,"A veces no necesitás más información, necesitás un empujón 💪

Guardar este post puede ser el recordatorio que te falte cuando vuelvan las dudas. 😉

No tenés que tener todo claro.
No tiene que ser el momento perfecto.
No llegaste tarde.

Solo hace falta animarte a dar el próximo paso, incluso con miedo. 

¿Cuál es ese paso que venís postergando? 👀",Not tasked,,,es,unclassified,unclassified,unclassified,unclassified
2026-03-03 19:31:59,Incoming,Instagram,Comment,centrodeelearning,,lihuel96,,https://www.instagram.com/p/DVbzEpNEVHQ/,https://app.sproutsocial.com/profile/instagram/ibpr:1295340769078196/thread/5616170/igmed:18103221805700031/?comment_guid=igc:18096495985778084&reply_guid=igc:18570551497049425&comment_created_time=1772577119&gid=639479&pollinator_source=export,"@centrodeelearning es verdad, poniendome que ya se iban a comunicar para resolverlo….. 🤣 sigo esperando",,,,No,,,No,,,No,,,No,,,18570551497049425,igc:18570551497049425,18103221805700031,,,,2026-03-03 16:39:53,18103221805700031,"Si los sueños funcionaran como entregas, siempre sentiríamos que vamos tarde. ⚠️

Pero no son una tarea. No tienen deadline.

Se construyen con pausas, dudas, avances chiquitos y momentos en los que sentís que no estás llegando… pero en realidad sí. 👐

Tu proceso no está atrasado. Está en marcha.

No te exijas y seguí avanzando. 🚀",Not tasked,,,es,unclassified,unclassified,unclassified,unclassified
2026-03-03 19:36:29,Incoming,Instagram,Comment,centrodeelearning,,lihuel96,,https://www.instagram.com/p/DVbzEpNEVHQ/,https://app.sproutsocial.com/profile/instagram/ibpr:1295340769078196/thread/5616170/igmed:18103221805700031/?comment_guid=igc:18096495985778084&reply_guid=igc:18038612606773892&comment_created_time=1772577389&gid=639479&pollinator_source=export,@centrodeelearning no entienden que pague 750.000 pesos por un curso que empezo hace mas de 10 dias y yo no tengo acceso. Perdiendo tiempo y atrasandome,,,,No,,,No,,,No,,,No,,,18038612606773892,igc:18038612606773892,18103221805700031,,,,2026-03-03 16:39:53,18103221805700031,"Si los sueños funcionaran como entregas, siempre sentiríamos que vamos tarde. ⚠️

Pero no son una tarea. No tienen deadline.

Se construyen con pausas, dudas, avances chiquitos y momentos en los que sentís que no estás llegando… pero en realidad sí. 👐

Tu proceso no está atrasado. Está en marcha.

No te exijas y seguí avanzando. 🚀",Not tasked,,,es,unclassified,unclassified,unclassified,unclassified
2026-03-10 09:24:29,Incoming,Instagram,Direct Message,centrodeelearning,,ceci_vigo,,https://ig.me/m/ceci_vigo,https://app.sproutsocial.com/profile/instagram/ibpr:1497161918639606/pmThread/5616170/igdm:aWdfZAG1faXRlbToxOklHTWVzc2FnZAUlEOjE3ODQxNDQxMDg3MTkwNTIxOjM0MDI4MjM2Njg0MTcxMDMwMTI0NDI2MDAwNzk3Njg5ODUyNzg0MDozMjcwODc2MDY3Mjg3NzI0NjA1NTIwMjk3ODg5ODM3ODc1MgZDZD/?prof_type=ibpr&msg_type=ig_dm&msg_type=ig_story_mention&social_message=True&gid=639479&pollinator_source=export,"Hola. Vuelvo a insistir por este medio. Ayer escribí nuevamente por WhatsApp, pero sigo sin recibir respuesta. Hace más de 48 hs que inicié la conversación. Me pueden compartir un mail o un teléfono válido? Necesito resolver mi situación",,,,No,,,No,,,No,,,No,,,aWdfZAG1faXRlbToxOklHTWVzc2FnZAUlEOjE3ODQxNDQxMDg3MTkwNTIxOjM0MDI4MjM2Njg0MTcxMDMwMTI0NDI2MDAwNzk3Njg5ODUyNzg0MDozMjcwODc2MDY3Mjg3NzI0NjA1NTIwMjk3ODg5ODM3ODc1MgZDZD,igdm:aWdfZAG1faXRlbToxOklHTWVzc2FnZAUlEOjE3ODQxNDQxMDg3MTkwNTIxOjM0MDI4MjM2Njg0MTcxMDMwMTI0NDI2MDAwNzk3Njg5ODUyNzg0MDozMjcwODc2MDY3Mjg3NzI0NjA1NTIwMjk3ODg5ODM3ODc1MgZDZD,,,,,,,,Not tasked,,ibpr:1497161918639606::ibpr:17841441087190521,es,unclassified,unclassified,unclassified,unclassified
2026-03-10 11:16:21,Incoming,Instagram,Direct Message,centrodeelearning,,marielaerusalimsky,,https://ig.me/m/marielaerusalimsky,https://app.sproutsocial.com/profile/instagram/ibpr:2106607010103586/pmThread/5616170/igdm:aWdfZAG1faXRlbToxOklHTWVzc2FnZAUlEOjE3ODQxNDQxMDg3MTkwNTIxOjM0MDI4MjM2Njg0MTcxMDMwMTI0NDI2MDE0NDU4MTAzNDg1NzcxOTozMjcwODg4NDQ5ODQ3ODEyMjkwMTc0MTY0MzMyNTUwNTUzNgZDZD/?prof_type=ibpr&msg_type=ig_dm&msg_type=ig_story_mention&social_message=True&gid=639479&pollinator_source=export,"No tienen alta demanda en consultas, en redes lo que se les demanda es atención de calidad y humana . Quedo a la espera.",,,,No,,,No,,,No,,,No,,,aWdfZAG1faXRlbToxOklHTWVzc2FnZAUlEOjE3ODQxNDQxMDg3MTkwNTIxOjM0MDI4MjM2Njg0MTcxMDMwMTI0NDI2MDE0NDU4MTAzNDg1NzcxOTozMjcwODg4NDQ5ODQ3ODEyMjkwMTc0MTY0MzMyNTUwNTUzNgZDZD,igdm:aWdfZAG1faXRlbToxOklHTWVzc2FnZAUlEOjE3ODQxNDQxMDg3MTkwNTIxOjM0MDI4MjM2Njg0MTcxMDMwMTI0NDI2MDE0NDU4MTAzNDg1NzcxOTozMjcwODg4NDQ5ODQ3ODEyMjkwMTc0MTY0MzMyNTUwNTUzNgZDZD,,,,,,,,Not tasked,,ibpr:17841441087190521::ibpr:2106607010103586,es,unclassified,unclassified,unclassified,unclassified
2026-03-10 12:19:59,Incoming,Instagram,Direct Message,centrodeelearning,,pablo.lescano82,,https://ig.me/m/pablo.lescano82,https://app.sproutsocial.com/profile/instagram/ibpr:1207790634770218/pmThread/5616170/igdm:aWdfZAG1faXRlbToxOklHTWVzc2FnZAUlEOjE3ODQxNDQxMDg3MTkwNTIxOjM0MDI4MjM2Njg0MTcxMDMwMTI0NDI3NjI1MDY5NzUxNzQ1NjU1MDozMjcwODk1NDkxNjYxMTAxMTMyMzY2NjE5MjA0ODA2MjQ2NAZDZD/?prof_type=ibpr&msg_type=ig_dm&msg_type=ig_story_mention&social_message=True&gid=639479&pollinator_source=export,Espero a la brevedad.  Gracia,,,,No,,,No,,,No,,,No,,,aWdfZAG1faXRlbToxOklHTWVzc2FnZAUlEOjE3ODQxNDQxMDg3MTkwNTIxOjM0MDI4MjM2Njg0MTcxMDMwMTI0NDI3NjI1MDY5NzUxNzQ1NjU1MDozMjcwODk1NDkxNjYxMTAxMTMyMzY2NjE5MjA0ODA2MjQ2NAZDZD,igdm:aWdfZAG1faXRlbToxOklHTWVzc2FnZAUlEOjE3ODQxNDQxMDg3MTkwNTIxOjM0MDI4MjM2Njg0MTcxMDMwMTI0NDI3NjI1MDY5NzUxNzQ1NjU1MDozMjcwODk1NDkxNjYxMTAxMTMyMzY2NjE5MjA0ODA2MjQ2NAZDZD,,,,,,,,Not tasked,,ibpr:1207790634770218::ibpr:17841441087190521,es,unclassified,unclassified,unclassified,unclassified
2026-03-10 12:28:12,Incoming,Instagram,Direct Message,centrodeelearning,,nataliamirandd,,https://ig.me/m/nataliamirandd,https://app.sproutsocial.com/profile/instagram/ibpr:26189997197304400/pmThread/5616170/igdm:aWdfZAG1faXRlbToxOklHTWVzc2FnZAUlEOjE3ODQxNDQxMDg3MTkwNTIxOjM0MDI4MjM2Njg0MTcxMDMwMTI0NDI3NjI1Mzg0OTIwMDQ1NjU1MDozMjcwODk2NDAxNzM4ODIzNzU2NzM0NTMxMjU3MzQyMzYxNgZDZD/?prof_type=ibpr&msg_type=ig_dm&msg_type=ig_story_mention&social_message=True&gid=639479&pollinator_source=export,"Es Natalia Carolina Miranda 46891411 nataliamiranddd@gmail.com
Disculpe por no pasarle los datos antes",,,,No,,,No,,,No,,,No,,,aWdfZAG1faXRlbToxOklHTWVzc2FnZAUlEOjE3ODQxNDQxMDg3MTkwNTIxOjM0MDI4MjM2Njg0MTcxMDMwMTI0NDI3NjI1Mzg0OTIwMDQ1NjU1MDozMjcwODk2NDAxNzM4ODIzNzU2NzM0NTMxMjU3MzQyMzYxNgZDZD,igdm:aWdfZAG1faXRlbToxOklHTWVzc2FnZAUlEOjE3ODQxNDQxMDg3MTkwNTIxOjM0MDI4MjM2Njg0MTcxMDMwMTI0NDI3NjI1Mzg0OTIwMDQ1NjU1MDozMjcwODk2NDAxNzM4ODIzNzU2NzM0NTMxMjU3MzQyMzYxNgZDZD,,,,,,,,Not tasked,,ibpr:17841441087190521::ibpr:26189997197304400,es,unclassified,unclassified,unclassified,unclassified
2026-03-10 12:34:52,Incoming,Instagram,Direct Message,centrodeelearning,,mariano.ramirez,,https://ig.me/m/mariano.ramirez,https://app.sproutsocial.com/profile/instagram/ibpr:2387736391738079/pmThread/5616170/igdm:aWdfZAG1faXRlbToxOklHTWVzc2FnZAUlEOjE3ODQxNDQxMDg3MTkwNTIxOjM0MDI4MjM2Njg0MTcxMDMwMTI0NDI2MDExMzQ3NDMyMTMwMTIxMzozMjcwODk3MTQwMzA0MDgwNjA3NTc4ODUyMzgwMDEwMDg2NAZDZD/?prof_type=ibpr&msg_type=ig_dm&msg_type=ig_story_mention&social_message=True&gid=639479&pollinator_source=export,Justo ya me lo resolvieron,,,,No,,,No,,,No,,,No,,,aWdfZAG1faXRlbToxOklHTWVzc2FnZAUlEOjE3ODQxNDQxMDg3MTkwNTIxOjM0MDI4MjM2Njg0MTcxMDMwMTI0NDI2MDExMzQ3NDMyMTMwMTIxMzozMjcwODk3MTQwMzA0MDgwNjA3NTc4ODUyMzgwMDEwMDg2NAZDZD,igdm:aWdfZAG1faXRlbToxOklHTWVzc2FnZAUlEOjE3ODQxNDQxMDg3MTkwNTIxOjM0MDI4MjM2Njg0MTcxMDMwMTI0NDI2MDExMzQ3NDMyMTMwMTIxMzozMjcwODk3MTQwMzA0MDgwNjA3NTc4ODUyMzgwMDEwMDg2NAZDZD,,,,,,,,Not tasked,,ibpr:17841441087190521::ibpr:2387736391738079,es,unclassified,unclassified,unclassified,unclassified
2026-03-10 12:34:54,Incoming,Instagram,Direct Message,centrodeelearning,,mariano.ramirez,,https://ig.me/m/mariano.ramirez,https://app.sproutsocial.com/profile/instagram/ibpr:2387736391738079/pmThread/5616170/igdm:aWdfZAG1faXRlbToxOklHTWVzc2FnZAUlEOjE3ODQxNDQxMDg3MTkwNTIxOjM0MDI4MjM2Njg0MTcxMDMwMTI0NDI2MDExMzQ3NDMyMTMwMTIxMzozMjcwODk3MTQzMTg3OTI2NTE2OTAwNTMxOTM4NTI1MTg0MAZDZD/?prof_type=ibpr&msg_type=ig_dm&msg_type=ig_story_mention&social_message=True&gid=639479&pollinator_source=export,Gracias!,,,,No,,,No,,,No,,,No,,,aWdfZAG1faXRlbToxOklHTWVzc2FnZAUlEOjE3ODQxNDQxMDg3MTkwNTIxOjM0MDI4MjM2Njg0MTcxMDMwMTI0NDI2MDExMzQ3NDMyMTMwMTIxMzozMjcwODk3MTQzMTg3OTI2NTE2OTAwNTMxOTM4NTI1MTg0MAZDZD,igdm:aWdfZAG1faXRlbToxOklHTWVzc2FnZAUlEOjE3ODQxNDQxMDg3MTkwNTIxOjM0MDI4MjM2Njg0MTcxMDMwMTI0NDI2MDExMzQ3NDMyMTMwMTIxMzozMjcwODk3MTQzMTg3OTI2NTE2OTAwNTMxOTM4NTI1MTg0MAZDZD,,,,,,,,Not tasked,,ibpr:17841441087190521::ibpr:2387736391738079,es,unclassified,unclassified,unclassified,unclassified
2026-03-10 12:35:45,Incoming,Instagram,Direct Message,centrodeelearning,,agusandreatta,,https://ig.me/m/agusandreatta,https://app.sproutsocial.com/profile/instagram/ibpr:2008808460015536/pmThread/5616170/igdm:aWdfZAG1faXRlbToxOklHTWVzc2FnZAUlEOjE3ODQxNDQxMDg3MTkwNTIxOjM0MDI4MjM2Njg0MTcxMDMwMTI0NDI2MDA5NzU5MTE1Mjg5OTQwMTozMjcwODk3MjM3NzQ2ODI5NDYxMTQ4ODYxMDY0NDM5Mzk4NAZDZD/?prof_type=ibpr&msg_type=ig_dm&msg_type=ig_story_mention&social_message=True&gid=639479&pollinator_source=export,Tengo inconvenientes para efectuar mi pago,,,,No,,,No,,,No,,,No,,,aWdfZAG1faXRlbToxOklHTWVzc2FnZAUlEOjE3ODQxNDQxMDg3MTkwNTIxOjM0MDI4MjM2Njg0MTcxMDMwMTI0NDI2MDA5NzU5MTE1Mjg5OTQwMTozMjcwODk3MjM3NzQ2ODI5NDYxMTQ4ODYxMDY0NDM5Mzk4NAZDZD,igdm:aWdfZAG1faXRlbToxOklHTWVzc2FnZAUlEOjE3ODQxNDQxMDg3MTkwNTIxOjM0MDI4MjM2Njg0MTcxMDMwMTI0NDI2MDA5NzU5MTE1Mjg5OTQwMTozMjcwODk3MjM3NzQ2ODI5NDYxMTQ4ODYxMDY0NDM5Mzk4NAZDZD,,,,,,,,Not tasked,,ibpr:17841441087190521::ibpr:2008808460015536,es,unclassified,unclassified,unclassified,unclassified
2026-03-10 12:36:06,Incoming,Instagram,Direct Message,centrodeelearning,,agusandreatta,,https://ig.me/m/agusandreatta,https://app.sproutsocial.com/profile/instagram/ibpr:2008808460015536/pmThread/5616170/igdm:aWdfZAG1faXRlbToxOklHTWVzc2FnZAUlEOjE3ODQxNDQxMDg3MTkwNTIxOjM0MDI4MjM2Njg0MTcxMDMwMTI0NDI2MDA5NzU5MTE1Mjg5OTQwMTozMjcwODk3Mjc1NjIwODAwNzk0MjQ4MTgxNzU0ODg4MTkyMAZDZD/?prof_type=ibpr&msg_type=ig_dm&msg_type=ig_story_mention&social_message=True&gid=639479&pollinator_source=export,Estoy intentando contactarme desde el viernes pasado y no me dan una solución,,,,No,,,No,,,No,,,No,,,aWdfZAG1faXRlbToxOklHTWVzc2FnZAUlEOjE3ODQxNDQxMDg3MTkwNTIxOjM0MDI4MjM2Njg0MTcxMDMwMTI0NDI2MDA5NzU5MTE1Mjg5OTQwMTozMjcwODk3Mjc1NjIwODAwNzk0MjQ4MTgxNzU0ODg4MTkyMAZDZD,igdm:aWdfZAG1faXRlbToxOklHTWVzc2FnZAUlEOjE3ODQxNDQxMDg3MTkwNTIxOjM0MDI4MjM2Njg0MTcxMDMwMTI0NDI2MDA5NzU5MTE1Mjg5OTQwMTozMjcwODk3Mjc1NjIwODAwNzk0MjQ4MTgxNzU0ODg4MTkyMAZDZD,,,,,,,,Not tasked,,ibpr:17841441087190521::ibpr:2008808460015536,es,unclassified,unclassified,unclassified,unclassified
2026-03-10 12:36:24,Incoming,Instagram,Direct Message,centrodeelearning,,agusandreatta,,https://ig.me/m/agusandreatta,https://app.sproutsocial.com/profile/instagram/ibpr:2008808460015536/pmThread/5616170/igdm:aWdfZAG1faXRlbToxOklHTWVzc2FnZAUlEOjE3ODQxNDQxMDg3MTkwNTIxOjM0MDI4MjM2Njg0MTcxMDMwMTI0NDI2MDA5NzU5MTE1Mjg5OTQwMTozMjcwODk3MzA5Njc3Mzg2MzA2NjY0MzgxNDk1MzI1NDkxMgZDZD/?prof_type=ibpr&msg_type=ig_dm&msg_type=ig_story_mention&social_message=True&gid=639479&pollinator_source=export,Quiero cambiar los datos de mi portal para que una persona pueda hacer un curso,,,,No,,,No,,,No,,,No,,,aWdfZAG1faXRlbToxOklHTWVzc2FnZAUlEOjE3ODQxNDQxMDg3MTkwNTIxOjM0MDI4MjM2Njg0MTcxMDMwMTI0NDI2MDA5NzU5MTE1Mjg5OTQwMTozMjcwODk3MzA5Njc3Mzg2MzA2NjY0MzgxNDk1MzI1NDkxMgZDZD,igdm:aWdfZAG1faXRlbToxOklHTWVzc2FnZAUlEOjE3ODQxNDQxMDg3MTkwNTIxOjM0MDI4MjM2Njg0MTcxMDMwMTI0NDI2MDA5NzU5MTE1Mjg5OTQwMTozMjcwODk3MzA5Njc3Mzg2MzA2NjY0MzgxNDk1MzI1NDkxMgZDZD,,,,,,,,Not tasked,,ibpr:17841441087190521::ibpr:2008808460015536,es,unclassified,unclassified,unclassified,unclassified
2026-03-10 12:37:55,Incoming,Instagram,Comment,centrodeelearning,,agusandreatta,,https://www.instagram.com/p/DVeozoXiVjQ/,https://app.sproutsocial.com/profile/instagram/ibpr:2008808460015536/thread/5616170/igmed:18516504190072275/?comment_guid=igc:18111321574673580&comment_created_time=1773157075&gid=639479&pollinator_source=export,Hola! Podrán contactarme? Estoy escribiendo hace unos días para que me den ayuda con la plataforma. Gracias,,,,No,,,No,,,No,,,No,,,18111321574673580,igc:18111321574673580,18516504190072275,,,,2026-03-04 19:07:46,18516504190072275,"El burnout no aparece de un día para otro.
Se construye, en silencio, cuando sostenemos más de lo que podemos sin darnos cuenta. 🫣

Muchas veces no es falta de capacidad, sino exceso de exigencia sin pausa.

No se trata solo de organizar tareas, sino de aprender a administrar cómo y desde dónde las hacés.

Tu energía es un recurso. Cómo la gestionás, también define tu rendimiento. 🔋

#burnout #descanso",Not tasked,,,es,unclassified,unclassified,unclassified,unclassified
2026-03-10 12:45:19,Incoming,Instagram,Direct Message,centrodeelearning,,caly_abraham,,https://ig.me/m/caly_abraham,https://app.sproutsocial.com/profile/instagram/ibpr:1486405289568000/pmThread/5616170/igdm:aWdfZAG1faXRlbToxOklHTWVzc2FnZAUlEOjE3ODQxNDQxMDg3MTkwNTIxOjM0MDI4MjM2Njg0MTcxMDMwMTI0NDI1OTk1OTAyMTUzMzQwNTY4NzozMjcwODk4Mjk2ODA0OTc4NTIxNzY3NTc4MTc4ODkyNTk1MgZDZD/?prof_type=ibpr&msg_type=ig_dm&msg_type=ig_story_mention&social_message=True&gid=639479&pollinator_source=export,Hace varios días que vengo escribiendo al WhatsApp y nadie me responde,,,,No,,,No,,,No,,,No,,,aWdfZAG1faXRlbToxOklHTWVzc2FnZAUlEOjE3ODQxNDQxMDg3MTkwNTIxOjM0MDI4MjM2Njg0MTcxMDMwMTI0NDI1OTk1OTAyMTUzMzQwNTY4NzozMjcwODk4Mjk2ODA0OTc4NTIxNzY3NTc4MTc4ODkyNTk1MgZDZD,igdm:aWdfZAG1faXRlbToxOklHTWVzc2FnZAUlEOjE3ODQxNDQxMDg3MTkwNTIxOjM0MDI4MjM2Njg0MTcxMDMwMTI0NDI1OTk1OTAyMTUzMzQwNTY4NzozMjcwODk4Mjk2ODA0OTc4NTIxNzY3NTc4MTc4ODkyNTk1MgZDZD,,,,,,,,Not tasked,,ibpr:1486405289568000::ibpr:17841441087190521,es,unclassified,unclassified,unclassified,unclassified
2026-03-10 12:46:23,Incoming,Instagram,Comment,centrodeelearning,,just_sank0,,https://www.instagram.com/p/DVjDPzZklcI/,https://app.sproutsocial.com/profile/instagram/ibpr:2249523355582808/thread/5616170/igmed:17886664614341430/?comment_guid=igc:18129695536557584&comment_created_time=1773157583&gid=639479&pollinator_source=export,"Buenos dias! vengo renegando con el chatbot queriendo comunicarme con soporte tecnico por falta de material en un cursado QUE YA EMPEZO! y el reintegro de un curso que solicite el 19 de febrero! tengo que andar rogando por que me respondan y cuando lo hacen dan respuestas super vagas y me mandan a ""despacho de alumnos"" y no me responden en todo el dia, ayer tuve que dejar todo para poder contactarme con ustedes sin ninguna respuesta! solicito ya que me respondan porque estoy perdiendo un curso que PAGUE para realizar!!",,,,No,,,No,,,No,,,No,,,18129695536557584,igc:18129695536557584,17886664614341430,,,,2026-03-06 12:15:46,17886664614341430,"En carpintería, los detalles hacen la diferencia. ⚒️

En este webinario vas a descubrir qué hacen distinto quienes logran piezas funcionales, bien resueltas y comercializables.

Vamos a hablar de:

✔️ Materiales según uso real
✔️ Ensambles profesionales
✔️ Optimización de procesos
✔️ Rentabilidad desde el diseño

📅 10/3 | 18:00 h (Arg.)
🎤 Micaela Oporto (@tecnolab.espaciomaker). Diseñadora Industrial y Docente en nuestro Curso de Carpintería Básica. 
💻 En vivo por Zoom
🎟 Con inscripción previa

Reservá tu lugar completando el formulario fijado en comentarios 👇",Not tasked,,,es,unclassified,unclassified,unclassified,unclassified
2026-03-10 12:46:23,Incoming,Instagram,Direct Message,centrodeelearning,,caly_abraham,,https://ig.me/m/caly_abraham,https://app.sproutsocial.com/profile/instagram/ibpr:1486405289568000/pmThread/5616170/igdm:aWdfZAG1faXRlbToxOklHTWVzc2FnZAUlEOjE3ODQxNDQxMDg3MTkwNTIxOjM0MDI4MjM2Njg0MTcxMDMwMTI0NDI1OTk1OTAyMTUzMzQwNTY4NzozMjcwODk4NDE0ODYwMTU2MDk2Nzg4Nzg3MjU4MTQzNTM5MgZDZD/?prof_type=ibpr&msg_type=ig_dm&msg_type=ig_story_mention&social_message=True&gid=639479&pollinator_source=export,Tienen algún otro canal de comunicación en el que me puedan ayudar?,,,,No,,,No,,,No,,,No,,,aWdfZAG1faXRlbToxOklHTWVzc2FnZAUlEOjE3ODQxNDQxMDg3MTkwNTIxOjM0MDI4MjM2Njg0MTcxMDMwMTI0NDI1OTk1OTAyMTUzMzQwNTY4NzozMjcwODk4NDE0ODYwMTU2MDk2Nzg4Nzg3MjU4MTQzNTM5MgZDZD,igdm:aWdfZAG1faXRlbToxOklHTWVzc2FnZAUlEOjE3ODQxNDQxMDg3MTkwNTIxOjM0MDI4MjM2Njg0MTcxMDMwMTI0NDI1OTk1OTAyMTUzMzQwNTY4NzozMjcwODk4NDE0ODYwMTU2MDk2Nzg4Nzg3MjU4MTQzNTM5MgZDZD,,,,,,,,Not tasked,,ibpr:1486405289568000::ibpr:17841441087190521,es,unclassified,unclassified,unclassified,unclassified
2026-03-10 12:52:49,Incoming,Instagram,Comment,centrodeelearning,,just_sank0,,https://www.instagram.com/p/DVeozoXiVjQ/,https://app.sproutsocial.com/profile/instagram/ibpr:2249523355582808/thread/5616170/igmed:18516504190072275/?comment_guid=igc:18091834589032854&comment_created_time=1773157969&gid=639479&pollinator_source=export,"Buenos dias! vengo renegando con el chatbot queriendo comunicarme con soporte tecnico por falta de material en un cursado QUE YA EMPEZO! y el reintegro de un curso que solicite el 19 de febrero! tengo que andar rogando por que me respondan y cuando lo hacen dan respuestas super vagas y me mandan a ""despacho de alumnos"" y no me responden en todo el dia, ayer tuve que dejar todo para poder contactarme con ustedes sin ninguna respuesta! solicito ya que me respondan porque estoy perdiendo un curso que PAGUE para realizar!!",,,,No,,,No,,,No,,,No,,,18091834589032854,igc:18091834589032854,18516504190072275,,,,2026-03-04 19:07:46,18516504190072275,"El burnout no aparece de un día para otro.
Se construye, en silencio, cuando sostenemos más de lo que podemos sin darnos cuenta. 🫣

Muchas veces no es falta de capacidad, sino exceso de exigencia sin pausa.

No se trata solo de organizar tareas, sino de aprender a administrar cómo y desde dónde las hacés.

Tu energía es un recurso. Cómo la gestionás, también define tu rendimiento. 🔋

#burnout #descanso",Not tasked,,,es,unclassified,unclassified,unclassified,unclassified
2026-03-10 12:53:21,Incoming,Instagram,Comment,centrodeelearning,,just_sank0,,https://www.instagram.com/p/DVbzEpNEVHQ/,https://app.sproutsocial.com/profile/instagram/ibpr:2249523355582808/thread/5616170/igmed:18103221805700031/?comment_guid=igc:18142241998488277&comment_created_time=1773158001&gid=639479&pollinator_source=export,"Buenos dias! vengo renegando con el chatbot queriendo comunicarme con soporte tecnico por falta de material en un cursado QUE YA EMPEZO! y el reintegro de un curso que solicite el 19 de febrero! tengo que andar rogando por que me respondan y cuando lo hacen dan respuestas super vagas y me mandan a ""despacho de alumnos"" y no me responden en todo el dia, ayer tuve que dejar todo para poder contactarme con ustedes sin ninguna respuesta! solicito ya que me respondan porque estoy perdiendo un curso que PAGUE para realizar!! QUE CARAJOS ANDA PASANDO CON EL CENTRO DE ATENCIÓN?!",,,,Yes,Centro de eLearning,2026-03-10 13:00:42,No,,,No,,,No,,,18142241998488277,igc:18142241998488277,18103221805700031,,,,2026-03-03 16:39:53,18103221805700031,"Si los sueños funcionaran como entregas, siempre sentiríamos que vamos tarde. ⚠️

Pero no son una tarea. No tienen deadline.

Se construyen con pausas, dudas, avances chiquitos y momentos en los que sentís que no estás llegando… pero en realidad sí. 👐

Tu proceso no está atrasado. Está en marcha.

No te exijas y seguí avanzando. 🚀",Not tasked,,,es,unclassified,unclassified,unclassified,unclassified
2026-03-10 12:54:01,Incoming,Facebook,Comment,Centro de E-Learning UTN BA,,Santiago Salazar,,https://www.facebook.com/559650626206928/posts/1385345626970753?comment_id=1863086371058576,https://app.sproutsocial.com/profile/facebook/fbpr:26530717726563155/thread/2035619/p:114160508621686_1385345626970753/?comment_guid=fc:1385345626970753_1863086371058576&gid=639479&pollinator_source=export,"Buenos dias! vengo renegando con el chatbot queriendo comunicarme con soporte tecnico por falta de material en un cursado QUE YA EMPEZO! y el reintegro de un curso que solicite el 19 de febrero! tengo que andar rogando por que me respondan y cuando lo hacen dan respuestas super vagas y me mandan a ""despacho de alumnos"" y no me responden en todo el dia, ayer tuve que dejar todo para poder contactarme con ustedes sin ninguna respuesta! solicito ya que me respondan porque estoy perdiendo un curso que PAGUE para realizar!!",,,,No,,,No,,,No,,,No,,,1385345626970753_1863086371058576,fc:1385345626970753_1863086371058576,114160508621686_1385345626970753,,,,2026-03-06 12:32:50,114160508621686_1385345626970753,"En carpintería, los detalles hacen la diferencia.

En este webinario vas a descubrir qué hacen distinto quienes logran piezas funcionales, bien resueltas y comercializables.

Vamos a hablar de:
✔️ Materiales según uso real
✔️ Ensambles profesionales
✔️ Optimización de procesos
✔️ Rentabilidad desde el diseño

📅 10/3 | 18:00 h (Arg.)
🎤 Micaela Oporto. Diseñadora Industrial y Docente en nuestro Curso de Carpintería Básica. 
💻 En vivo por Zoom
🎟 Con inscripción previa

Reservá tu lugar completando el formulario ➡️ https://us02web.zoom.us/meeting/register/ldTGhJQBQKWp35DldS_H-Q",Not tasked,,,es,unclassified,unclassified,unclassified,unclassified
2026-03-10 13:00:52,Incoming,Instagram,Direct Message,centrodeelearning,,just_sank0,,https://ig.me/m/just_sank0,https://app.sproutsocial.com/profile/instagram/ibpr:2249523355582808/pmThread/5616170/igdm:aWdfZAG1faXRlbToxOklHTWVzc2FnZAUlEOjE3ODQxNDQxMDg3MTkwNTIxOjM0MDI4MjM2Njg0MTcxMDMwMTI0NDI3NjI1NTM2NjQ4MDQ1NjU1MDozMjcwOTAwMDE4MTA1MTkyOTY1ODE0MTk0MjY0NjU3MTAwOAZDZD/?prof_type=ibpr&msg_type=ig_dm&msg_type=ig_story_mention&social_message=True&gid=639479&pollinator_source=export,solicito hablar con una persona,,,,No,,,No,,,No,,,No,,,aWdfZAG1faXRlbToxOklHTWVzc2FnZAUlEOjE3ODQxNDQxMDg3MTkwNTIxOjM0MDI4MjM2Njg0MTcxMDMwMTI0NDI3NjI1NTM2NjQ4MDQ1NjU1MDozMjcwOTAwMDE4MTA1MTkyOTY1ODE0MTk0MjY0NjU3MTAwOAZDZD,igdm:aWdfZAG1faXRlbToxOklHTWVzc2FnZAUlEOjE3ODQxNDQxMDg3MTkwNTIxOjM0MDI4MjM2Njg0MTcxMDMwMTI0NDI3NjI1NTM2NjQ4MDQ1NjU1MDozMjcwOTAwMDE4MTA1MTkyOTY1ODE0MTk0MjY0NjU3MTAwOAZDZD,,,,,,,,Not tasked,,ibpr:17841441087190521::ibpr:2249523355582808,es,unclassified,unclassified,unclassified,unclassified
2026-03-10 13:02:23,Incoming,Instagram,Direct Message,centrodeelearning,,just_sank0,,https://ig.me/m/just_sank0,https://app.sproutsocial.com/profile/instagram/ibpr:2249523355582808/pmThread/5616170/igdm:aWdfZAG1faXRlbToxOklHTWVzc2FnZAUlEOjE3ODQxNDQxMDg3MTkwNTIxOjM0MDI4MjM2Njg0MTcxMDMwMTI0NDI3NjI1NTM2NjQ4MDQ1NjU1MDozMjcwOTAwMTg1NTc3NTQ1MDg2MDM0Mjg3NzQ3MzQ3MjUxMgZDZD/?prof_type=ibpr&msg_type=ig_dm&msg_type=ig_story_mention&social_message=True&gid=639479&pollinator_source=export,santiago salazar 46374631 salazarsantiagogabriel@gmail.com,,,,No,,,No,,,No,,,No,,,aWdfZAG1faXRlbToxOklHTWVzc2FnZAUlEOjE3ODQxNDQxMDg3MTkwNTIxOjM0MDI4MjM2Njg0MTcxMDMwMTI0NDI3NjI1NTM2NjQ4MDQ1NjU1MDozMjcwOTAwMTg1NTc3NTQ1MDg2MDM0Mjg3NzQ3MzQ3MjUxMgZDZD,igdm:aWdfZAG1faXRlbToxOklHTWVzc2FnZAUlEOjE3ODQxNDQxMDg3MTkwNTIxOjM0MDI4MjM2Njg0MTcxMDMwMTI0NDI3NjI1NTM2NjQ4MDQ1NjU1MDozMjcwOTAwMTg1NTc3NTQ1MDg2MDM0Mjg3NzQ3MzQ3MjUxMgZDZD,,,,,,,,Not tasked,,ibpr:17841441087190521::ibpr:2249523355582808,en,unclassified,,unclassified,unclassified
2026-03-10 13:04:21,Incoming,Twitter,Tweet,elearningUTN,,Just_Sank0,,https://twitter.com/Just_Sank0/status/2031400776942211507,https://app.sproutsocial.com/profile/twitter/twpr:1937314430598934528/reply/2035485/t:2031400776942211507/?gid=639479&pollinator_source=export,"@elearningUTN Buenos dias,vengo solicitando soporte hace ya 4 dias mediante whatsapp y me dejan en visto o dan respuestas vagas,solicito ayuda inmediatamente !!",,,,No,,,No,,,No,,,No,,,2031400776942211507,t:2031400776942211507,,,,,,,,Not tasked,,,es,unclassified,unclassified,unclassified,unclassified
2026-03-10 13:04:37,Incoming,Instagram,Direct Message,centrodeelearning,,just_sank0,,https://ig.me/m/just_sank0,https://app.sproutsocial.com/profile/instagram/ibpr:2249523355582808/pmThread/5616170/igdm:aWdfZAG1faXRlbToxOklHTWVzc2FnZAUlEOjE3ODQxNDQxMDg3MTkwNTIxOjM0MDI4MjM2Njg0MTcxMDMwMTI0NDI3NjI1NTM2NjQ4MDQ1NjU1MDozMjcwOTAwNDMzMDYyNzY1ODQwNDU3MjI1NzM0NjEyNTgyNAZDZD/?prof_type=ibpr&msg_type=ig_dm&msg_type=ig_story_mention&social_message=True&gid=639479&pollinator_source=export,quiero hablar con un asesor,,,,No,,,No,,,No,,,No,,,aWdfZAG1faXRlbToxOklHTWVzc2FnZAUlEOjE3ODQxNDQxMDg3MTkwNTIxOjM0MDI4MjM2Njg0MTcxMDMwMTI0NDI3NjI1NTM2NjQ4MDQ1NjU1MDozMjcwOTAwNDMzMDYyNzY1ODQwNDU3MjI1NzM0NjEyNTgyNAZDZD,igdm:aWdfZAG1faXRlbToxOklHTWVzc2FnZAUlEOjE3ODQxNDQxMDg3MTkwNTIxOjM0MDI4MjM2Njg0MTcxMDMwMTI0NDI3NjI1NTM2NjQ4MDQ1NjU1MDozMjcwOTAwNDMzMDYyNzY1ODQwNDU3MjI1NzM0NjEyNTgyNAZDZD,,,,,,,,Not tasked,,ibpr:17841441087190521::ibpr:2249523355582808,es,unclassified,unclassified,unclassified,unclassified
2026-03-10 13:11:02,Incoming,Instagram,Direct Message,centrodeelearning,,just_sank0,,https://ig.me/m/just_sank0,https://app.sproutsocial.com/profile/instagram/ibpr:2249523355582808/pmThread/5616170/igdm:aWdfZAG1faXRlbToxOklHTWVzc2FnZAUlEOjE3ODQxNDQxMDg3MTkwNTIxOjM0MDI4MjM2Njg0MTcxMDMwMTI0NDI3NjI1NTM2NjQ4MDQ1NjU1MDozMjcwOTAxMTQzMTM5MDgxNDM2NzQ2OTU1NjMwNDE4MzI5NgZDZD/?prof_type=ibpr&msg_type=ig_dm&msg_type=ig_story_mention&social_message=True&gid=639479&pollinator_source=export,hola??,,,,No,,,No,,,No,,,No,,,aWdfZAG1faXRlbToxOklHTWVzc2FnZAUlEOjE3ODQxNDQxMDg3MTkwNTIxOjM0MDI4MjM2Njg0MTcxMDMwMTI0NDI3NjI1NTM2NjQ4MDQ1NjU1MDozMjcwOTAxMTQzMTM5MDgxNDM2NzQ2OTU1NjMwNDE4MzI5NgZDZD,igdm:aWdfZAG1faXRlbToxOklHTWVzc2FnZAUlEOjE3ODQxNDQxMDg3MTkwNTIxOjM0MDI4MjM2Njg0MTcxMDMwMTI0NDI3NjI1NTM2NjQ4MDQ1NjU1MDozMjcwOTAxMTQzMTM5MDgxNDM2NzQ2OTU1NjMwNDE4MzI5NgZDZD,,,,,,,,Not tasked,,ibpr:17841441087190521::ibpr:2249523355582808,tl,unclassified,unclassified,unclassified,unclassified
2026-03-10 13:17:34,Incoming,Instagram,Direct Message,centrodeelearning,,agusandreatta,,https://ig.me/m/agusandreatta,https://app.sproutsocial.com/profile/instagram/ibpr:2008808460015536/pmThread/5616170/igdm:aWdfZAG1faXRlbToxOklHTWVzc2FnZAUlEOjE3ODQxNDQxMDg3MTkwNTIxOjM0MDI4MjM2Njg0MTcxMDMwMTI0NDI2MDA5NzU5MTE1Mjg5OTQwMTozMjcwOTAxODY1MTk0NjkwNDk4NDEwNzc5ODk0MTkyNTM3NgZDZD/?prof_type=ibpr&msg_type=ig_dm&msg_type=ig_story_mention&social_message=True&gid=639479&pollinator_source=export,Escribo desde la empresa cgc,,,,No,,,No,,,No,,,No,,,aWdfZAG1faXRlbToxOklHTWVzc2FnZAUlEOjE3ODQxNDQxMDg3MTkwNTIxOjM0MDI4MjM2Njg0MTcxMDMwMTI0NDI2MDA5NzU5MTE1Mjg5OTQwMTozMjcwOTAxODY1MTk0NjkwNDk4NDEwNzc5ODk0MTkyNTM3NgZDZD,igdm:aWdfZAG1faXRlbToxOklHTWVzc2FnZAUlEOjE3ODQxNDQxMDg3MTkwNTIxOjM0MDI4MjM2Njg0MTcxMDMwMTI0NDI2MDA5NzU5MTE1Mjg5OTQwMTozMjcwOTAxODY1MTk0NjkwNDk4NDEwNzc5ODk0MTkyNTM3NgZDZD,,,,,,,,Not tasked,,ibpr:17841441087190521::ibpr:2008808460015536,es,unclassified,unclassified,unclassified,unclassified
2026-03-10 13:18:32,Incoming,Instagram,Direct Message,centrodeelearning,,marcosmatar11,,https://ig.me/m/marcosmatar11,https://app.sproutsocial.com/profile/instagram/ibpr:1668781977810622/pmThread/5616170/igdm:aWdfZAG1faXRlbToxOklHTWVzc2FnZAUlEOjE3ODQxNDQxMDg3MTkwNTIxOjM0MDI4MjM2Njg0MTcxMDMwMTI0NDI2MDEwNzgxMzQ2NTIwMTE5NTozMjcwOTAxOTczNDUxOTAzOTM5NDQ4NDU2NDU1MDIyMTgyNAZDZD/?prof_type=ibpr&msg_type=ig_dm&msg_type=ig_story_mention&social_message=True&gid=639479&pollinator_source=export,Gracias!,,,,No,,,No,,,No,,,No,,,aWdfZAG1faXRlbToxOklHTWVzc2FnZAUlEOjE3ODQxNDQxMDg3MTkwNTIxOjM0MDI4MjM2Njg0MTcxMDMwMTI0NDI2MDEwNzgxMzQ2NTIwMTE5NTozMjcwOTAxOTczNDUxOTAzOTM5NDQ4NDU2NDU1MDIyMTgyNAZDZD,igdm:aWdfZAG1faXRlbToxOklHTWVzc2FnZAUlEOjE3ODQxNDQxMDg3MTkwNTIxOjM0MDI4MjM2Njg0MTcxMDMwMTI0NDI2MDEwNzgxMzQ2NTIwMTE5NTozMjcwOTAxOTczNDUxOTAzOTM5NDQ4NDU2NDU1MDIyMTgyNAZDZD,,,,,,,,Not tasked,,ibpr:1668781977810622::ibpr:17841441087190521,es,unclassified,unclassified,unclassified,unclassified
2026-03-10 13:22:49,Incoming,Facebook,Private Message,Centro de E-Learning UTN BA,,Jorge Fernando Gutierrez,,https://business.facebook.com/latest/inbox/messenger?asset_id=114160508621686,https://app.sproutsocial.com/profile/facebook/fbpr:26049835844645164/pmThread/2035619/mpm:m_8hkawC44_LWMDoTIs3A3UOWRA-AmZ7sxyEhTDEfJOS0-Ni6LQIMS8yDtoiC4mGPLW1Mcf7FQfT2erR9zp252Qw/?msg_type=fb_pm&gid=639479&pollinator_source=export,Ya me contestaron por whatsapp pero queria sabes si se puede cambiar la fecha de cursada ya que la que me dieron es para junio perp quiero hacerlo en marzo hoy seria la segunda clase me pasaron con el departamente de alumno asi que estoy esperando una rrspuesta,,,,No,,,No,,,No,,,No,,,m_8hkawC44_LWMDoTIs3A3UOWRA-AmZ7sxyEhTDEfJOS0-Ni6LQIMS8yDtoiC4mGPLW1Mcf7FQfT2erR9zp252Qw,mpm:m_8hkawC44_LWMDoTIs3A3UOWRA-AmZ7sxyEhTDEfJOS0-Ni6LQIMS8yDtoiC4mGPLW1Mcf7FQfT2erR9zp252Qw,,,,,,,,Not tasked,,fbpr:114160508621686::fbpr:26049835844645164,es,unclassified,unclassified,unclassified,unclassified
2026-03-10 13:23:05,Incoming,LinkedIn,Company Mention Post,Centro de e-Learning UTN FRBA,,flor-ricciardulli-7a1850148,,https://www.linkedin.com/feed/update/urn:li:ugcPost:7437171179586568193,https://app.sproutsocial.com/profile/linkedin/lipr:uwnuPQoztN/thread/4941568/licmp:urn:li:ugcPost:7437171179586568193/?gid=639479&pollinator_source=export,¡Me alegra contarles que empeze mis estudios de Tecnicatura Universitaria en Logística en Centro de e-Learning UTN FRBA!,,,,No,,,No,,,No,,,No,,,urn:li:ugcPost:7437171179586568193,licmp:urn:li:ugcPost:7437171179586568193,,,,,,,,Not tasked,,,es,unclassified,unclassified,unclassified,unclassified
2026-03-10 13:31:50,Incoming,Facebook,Private Message,Centro de E-Learning UTN BA,,Agustina Andreatta,,https://business.facebook.com/latest/inbox/messenger?asset_id=114160508621686,https://app.sproutsocial.com/profile/facebook/fbpr:26192869553695897/pmThread/2035619/mpm:m_x_DtNHdeOvZe8ztB6TydRCI9jS2_XbH5XbWNBXhNEaB7-0hRbOngu7mQPKfHC7yqOaqC48Zr0atKCmJeurc0Og/?msg_type=fb_pm&gid=639479&pollinator_source=export,Hola. Necesito su ayuda,,,,No,,,No,,,No,,,No,,,m_x_DtNHdeOvZe8ztB6TydRCI9jS2_XbH5XbWNBXhNEaB7-0hRbOngu7mQPKfHC7yqOaqC48Zr0atKCmJeurc0Og,mpm:m_x_DtNHdeOvZe8ztB6TydRCI9jS2_XbH5XbWNBXhNEaB7-0hRbOngu7mQPKfHC7yqOaqC48Zr0atKCmJeurc0Og,,,,,,,,Not tasked,,fbpr:114160508621686::fbpr:26192869553695897,es,unclassified,unclassified,unclassified,unclassified
2026-03-10 13:31:55,Incoming,Facebook,Private Message,Centro de E-Learning UTN BA,,Agustina Andreatta,,https://business.facebook.com/latest/inbox/messenger?asset_id=114160508621686,https://app.sproutsocial.com/profile/facebook/fbpr:26192869553695897/pmThread/2035619/mpm:m_w6-7P9l3AK191tVRZKFLLSI9jS2_XbH5XbWNBXhNEaALegNt_znhtdUAToffmaDm-HqrCxcKVP9yhSfq8LJbPQ/?msg_type=fb_pm&gid=639479&pollinator_source=export,Les escribo de la empresa cgc,,,,No,,,No,,,No,,,No,,,m_w6-7P9l3AK191tVRZKFLLSI9jS2_XbH5XbWNBXhNEaALegNt_znhtdUAToffmaDm-HqrCxcKVP9yhSfq8LJbPQ,mpm:m_w6-7P9l3AK191tVRZKFLLSI9jS2_XbH5XbWNBXhNEaALegNt_znhtdUAToffmaDm-HqrCxcKVP9yhSfq8LJbPQ,,,,,,,,Not tasked,,fbpr:114160508621686::fbpr:26192869553695897,es,unclassified,unclassified,unclassified,unclassified
2026-03-10 13:32:53,Incoming,Facebook,Private Message,Centro de E-Learning UTN BA,,Agustina Andreatta,,https://business.facebook.com/latest/inbox/messenger?asset_id=114160508621686,https://app.sproutsocial.com/profile/facebook/fbpr:26192869553695897/pmThread/2035619/mpm:m_0bgK0E4g9xifZnyLcJTtOCI9jS2_XbH5XbWNBXhNEaCpwYKAwm4C8SlZgm7qQymFc0hWDP5WUz8YOxKUym-dRw/?msg_type=fb_pm&gid=639479&pollinator_source=export,Pagué una diplomatura pero no sabía q no podía asignarla a un colaborador entonces quiero solicitar devolución del dinero o poder cambiar mis datos del portal y así hace uso un colaborador de ese curso pagado,,,,No,,,No,,,No,,,No,,,m_0bgK0E4g9xifZnyLcJTtOCI9jS2_XbH5XbWNBXhNEaCpwYKAwm4C8SlZgm7qQymFc0hWDP5WUz8YOxKUym-dRw,mpm:m_0bgK0E4g9xifZnyLcJTtOCI9jS2_XbH5XbWNBXhNEaCpwYKAwm4C8SlZgm7qQymFc0hWDP5WUz8YOxKUym-dRw,,,,,,,,Not tasked,,fbpr:114160508621686::fbpr:26192869553695897,es,unclassified,unclassified,unclassified,unclassified
2026-03-10 13:33:04,Incoming,Facebook,Private Message,Centro de E-Learning UTN BA,,Agustina Andreatta,,https://business.facebook.com/latest/inbox/messenger?asset_id=114160508621686,https://app.sproutsocial.com/profile/facebook/fbpr:26192869553695897/pmThread/2035619/mpm:m_ZlXGudf3hStWJU17YwrD5yI9jS2_XbH5XbWNBXhNEaBcac7gdDTY4AImtNqjGPtQBdReXjgHVpw5F5BK8sOyxA/?msg_type=fb_pm&gid=639479&pollinator_source=export,Me podrán ayudar? Es un curso q empezó la semana pasada,,,,No,,,No,,,No,,,No,,,m_ZlXGudf3hStWJU17YwrD5yI9jS2_XbH5XbWNBXhNEaBcac7gdDTY4AImtNqjGPtQBdReXjgHVpw5F5BK8sOyxA,mpm:m_ZlXGudf3hStWJU17YwrD5yI9jS2_XbH5XbWNBXhNEaBcac7gdDTY4AImtNqjGPtQBdReXjgHVpw5F5BK8sOyxA,,,,,,,,Not tasked,,fbpr:114160508621686::fbpr:26192869553695897,es,unclassified,unclassified,unclassified,unclassified
2026-03-10 13:33:54,Incoming,Facebook,Private Message,Centro de E-Learning UTN BA,,Agustina Andreatta,,https://business.facebook.com/latest/inbox/messenger?asset_id=114160508621686,https://app.sproutsocial.com/profile/facebook/fbpr:26192869553695897/pmThread/2035619/mpm:m_7UThzQpnTIHBMbNpjK-RpiI9jS2_XbH5XbWNBXhNEaDpw-IkZWZ4p7sF0rzk2-BCcp0-Wv1EtjrgPfeDS7whmw/?msg_type=fb_pm&gid=639479&pollinator_source=export,"Mis datos son Agustina andreatta 
Agustina_andreatta@cgc.com.ar",,,,No,,,No,,,No,,,No,,,m_7UThzQpnTIHBMbNpjK-RpiI9jS2_XbH5XbWNBXhNEaDpw-IkZWZ4p7sF0rzk2-BCcp0-Wv1EtjrgPfeDS7whmw,mpm:m_7UThzQpnTIHBMbNpjK-RpiI9jS2_XbH5XbWNBXhNEaDpw-IkZWZ4p7sF0rzk2-BCcp0-Wv1EtjrgPfeDS7whmw,,,,,,,,Not tasked,,fbpr:114160508621686::fbpr:26192869553695897,es,unclassified,unclassified,unclassified,unclassified
2026-03-10 13:34:53,Incoming,Twitter,Follower Alert,elearningUTN,,Franormem,,https://twitter.com/Franormem,https://app.sproutsocial.com/profile/twitter/twpr:1855395472661184512/reply/2035485/f:123268820:1855395472661184512:1773160493/?gid=639479&pollinator_source=export,,,,,No,,,No,,,No,,,No,,,123268820:1855395472661184512:1773160493,f:123268820:1855395472661184512:1773160493,,,,,,,,Not tasked,,,un,unclassified,,unclassified,unclassified
2026-03-10 13:36:28,Incoming,Instagram,Direct Message,centrodeelearning,,solviudezz,,https://ig.me/m/solviudezz,https://app.sproutsocial.com/profile/instagram/ibpr:1623531108653314/pmThread/5616170/igdm:aWdfZAG1faXRlbToxOklHTWVzc2FnZAUlEOjE3ODQxNDQxMDg3MTkwNTIxOjM0MDI4MjM2Njg0MTcxMDMwMTI0NDI2MDE2MDc3ODM1MzI0MjQyNjozMjcwOTAzOTU4MTU3MDk4Nzg5NzgzODMwNzE2MzI0MjQ5NgZDZD/?prof_type=ibpr&msg_type=ig_dm&msg_type=ig_story_mention&social_message=True&gid=639479&pollinator_source=export,"buen día!! quería saber en qué página se realiza el boleto universitario, que este año no pude realizarlo todavía",,,,No,,,No,,,No,,,No,,,aWdfZAG1faXRlbToxOklHTWVzc2FnZAUlEOjE3ODQxNDQxMDg3MTkwNTIxOjM0MDI4MjM2Njg0MTcxMDMwMTI0NDI2MDE2MDc3ODM1MzI0MjQyNjozMjcwOTAzOTU4MTU3MDk4Nzg5NzgzODMwNzE2MzI0MjQ5NgZDZD,igdm:aWdfZAG1faXRlbToxOklHTWVzc2FnZAUlEOjE3ODQxNDQxMDg3MTkwNTIxOjM0MDI4MjM2Njg0MTcxMDMwMTI0NDI2MDE2MDc3ODM1MzI0MjQyNjozMjcwOTAzOTU4MTU3MDk4Nzg5NzgzODMwNzE2MzI0MjQ5NgZDZD,,,,,,,,Not tasked,,ibpr:1623531108653314::ibpr:17841441087190521,es,unclassified,unclassified,unclassified,unclassified
2026-03-10 13:39:35,Incoming,Twitter,Tweet,elearningUTN,,Just_Sank0,,https://twitter.com/Just_Sank0/status/2031409645751791959,https://app.sproutsocial.com/profile/twitter/twpr:1937314430598934528/reply/2035485/t:2031409645751791959/?gid=639479&pollinator_source=export,"Abro hilo para contar mi experiencia con @elearningUTN.

Hace días intento comunicarme con soporte por un problema con la plataforma y no recibo respuesta por WhatsApp ni por mail.

Comparto lo que pasó porque veo que no soy el unico que le sucede esto",,,,No,,,No,,,No,,,No,,,2031409645751791959,t:2031409645751791959,,,,,,,,Not tasked,,,es,unclassified,unclassified,unclassified,unclassified
2026-03-10 13:44:08,Incoming,LinkedIn,Company Mention Post,Centro de e-Learning UTN FRBA,,mujeres-en-crypto,,https://www.linkedin.com/feed/update/urn:li:share:7437176478980767744,https://app.sproutsocial.com/profile/linkedin/licp:89260367/thread/4941568/licmp:urn:li:share:7437176478980767744/?gid=639479&pollinator_source=export,"Nada de lo que va a pasar el 14 de marzo sucede por casualidad.

Detrás de este encuentro hay organizaciones que creyeron en la iniciativa incluso antes de que tomara forma.
Que dijeron sí cuando todavía era una idea.
Que acercaron su comunidad, su tiempo y su apoyo para hacerlo posible.

Desde Mujeres en Crypto nos enorgullece seguir construyendo así: en comunidad.

Porque los cambios reales se generan cuando distintas personas y organizaciones deciden empujar en la misma dirección.

Gracias a quienes se suman para hacerlo realidad. 🔮✨
Co-organizan:
Fundación Regional Buenos Aires Tecnológica (Centro de e-Learning UTN FRBA) – Unidad de Género y Diversidad UTN Buenos Aires @utn

Sponsor principal: MetaMask

Organizaciones que acompañan esta iniciativa:
Cripto La Plata • Club de Oratoria • Women in Robotics Argentina • WOMEN IN TECH ® Global LATAM • Cripto LATAM Al Día (Podcast) • Chicas en Tecnología • Media Chicas • Hablemos Serio (Podcast) • Reclutando Latinoamérica• TechnoLatinas • Mujeres en Derecho • Cryptogirls • MUJERES EN BITCOIN • Fundación Iberoamericana para la Soberanía Económica (FILSE) • Universidad Nacional de La Plata • @finlaw • Dev3pack • IncubadoraUNCuyo • Crecimiento • Órbita Comms • Lebensohn • Data Género

Seguimos creando espacios para conversar sobre tecnología, finanzas y autonomía.

Nos vemos el 14 de marzo en la UTN. 

Link de inscripción: https://luma.com/9oyszuum",,,,No,,,No,,,No,,,No,,,urn:li:share:7437176478980767744,licmp:urn:li:share:7437176478980767744,,,,,,,,Not tasked,,,es,unclassified,unclassified,unclassified,unclassified
2026-03-10 13:45:32,Incoming,Instagram,Comment,centrodeelearning,,marielaerusalimsky,,https://www.instagram.com/p/DVjDPzZklcI/,https://app.sproutsocial.com/profile/instagram/ibpr:2106607010103586/thread/5616170/igmed:17886664614341430/?comment_guid=igc:17960755836051934&comment_created_time=1773161132&gid=639479&pollinator_source=export,Terrible la comunicación.... No hablas con una persona jamás... Vueltas y más vueltas todas hechas con bots... No resuelven nadaaaaaaa.,,,,No,,,No,,,No,,,No,,,17960755836051934,igc:17960755836051934,17886664614341430,,,,2026-03-06 12:15:46,17886664614341430,"En carpintería, los detalles hacen la diferencia. ⚒️

En este webinario vas a descubrir qué hacen distinto quienes logran piezas funcionales, bien resueltas y comercializables.

Vamos a hablar de:

✔️ Materiales según uso real
✔️ Ensambles profesionales
✔️ Optimización de procesos
✔️ Rentabilidad desde el diseño

📅 10/3 | 18:00 h (Arg.)
🎤 Micaela Oporto (@tecnolab.espaciomaker). Diseñadora Industrial y Docente en nuestro Curso de Carpintería Básica. 
💻 En vivo por Zoom
🎟 Con inscripción previa

Reservá tu lugar completando el formulario fijado en comentarios 👇",Not tasked,,,es,unclassified,unclassified,unclassified,unclassified
2026-03-10 13:46:32,Incoming,Facebook,Private Message,Centro de E-Learning UTN BA,,Agustina Andreatta,,https://business.facebook.com/latest/inbox/messenger?asset_id=114160508621686,https://app.sproutsocial.com/profile/facebook/fbpr:26192869553695897/pmThread/2035619/mpm:m_mxVuaGpPJgXkGnHx4UNDyyI9jS2_XbH5XbWNBXhNEaA0evOE1_jshBDR8s4r5PO5Bi6rH7z7gAYDRLEgS9GqNg/?msg_type=fb_pm&gid=639479&pollinator_source=export,Es para la diplomatura en integridad q arrancó el viernes pasado,,,,No,,,No,,,No,,,No,,,m_mxVuaGpPJgXkGnHx4UNDyyI9jS2_XbH5XbWNBXhNEaA0evOE1_jshBDR8s4r5PO5Bi6rH7z7gAYDRLEgS9GqNg,mpm:m_mxVuaGpPJgXkGnHx4UNDyyI9jS2_XbH5XbWNBXhNEaA0evOE1_jshBDR8s4r5PO5Bi6rH7z7gAYDRLEgS9GqNg,,,,,,,,Not tasked,,fbpr:114160508621686::fbpr:26192869553695897,es,unclassified,unclassified,unclassified,unclassified
2026-03-10 14:22:34,Incoming,Instagram,Direct Message,centrodeelearning,,meligurevich,,https://ig.me/m/meligurevich,https://app.sproutsocial.com/profile/instagram/ibpr:759736636991122/pmThread/5616170/igdm:aWdfZAG1faXRlbToxOklHTWVzc2FnZAUlEOjE3ODQxNDQxMDg3MTkwNTIxOjM0MDI4MjM2Njg0MTcxMDMwMTI0NDI2MDE2NTgwNjc3OTQwNDQ1MDozMjcwOTA5MDU5NzY3MDgyOTQ5NzcyODg4NjU1MjY1NzkyMAZDZD/?prof_type=ibpr&msg_type=ig_dm&msg_type=ig_story_mention&social_message=True&gid=639479&pollinator_source=export,Hola! Me anoté en un curso y no me aparece en mi campus virtual. No me responden ni el whatsapp ni en soporte. Hace una semana empezó y no tengo novedades de nada.,,,,No,,,No,,,No,,,No,,,aWdfZAG1faXRlbToxOklHTWVzc2FnZAUlEOjE3ODQxNDQxMDg3MTkwNTIxOjM0MDI4MjM2Njg0MTcxMDMwMTI0NDI2MDE2NTgwNjc3OTQwNDQ1MDozMjcwOTA5MDU5NzY3MDgyOTQ5NzcyODg4NjU1MjY1NzkyMAZDZD,igdm:aWdfZAG1faXRlbToxOklHTWVzc2FnZAUlEOjE3ODQxNDQxMDg3MTkwNTIxOjM0MDI4MjM2Njg0MTcxMDMwMTI0NDI2MDE2NTgwNjc3OTQwNDQ1MDozMjcwOTA5MDU5NzY3MDgyOTQ5NzcyODg4NjU1MjY1NzkyMAZDZD,,,,,,,,Not tasked,,ibpr:17841441087190521::ibpr:759736636991122,es,unclassified,unclassified,unclassified,unclassified
2026-03-10 14:25:24,Incoming,Instagram,Direct Message,centrodeelearning,,mariiana.natalia,,https://ig.me/m/mariiana.natalia,https://app.sproutsocial.com/profile/instagram/ibpr:2677086722674534/pmThread/5616170/igdm:aWdfZAG1faXRlbToxOklHTWVzc2FnZAUlEOjE3ODQxNDQxMDg3MTkwNTIxOjM0MDI4MjM2Njg0MTcxMDMwMTI0NDI1OTk1MTU4OTkyNzQ4MTg0MDozMjcwOTA5Mzc0NDczNDU0NzQ5MjI3ODkwMTkwNjg2NjE3NgZDZD/?prof_type=ibpr&msg_type=ig_dm&msg_type=ig_story_mention&social_message=True&gid=639479&pollinator_source=export,Quiero conocer el estado de mi admisión a una carrera,,,,No,,,No,,,No,,,No,,,aWdfZAG1faXRlbToxOklHTWVzc2FnZAUlEOjE3ODQxNDQxMDg3MTkwNTIxOjM0MDI4MjM2Njg0MTcxMDMwMTI0NDI1OTk1MTU4OTkyNzQ4MTg0MDozMjcwOTA5Mzc0NDczNDU0NzQ5MjI3ODkwMTkwNjg2NjE3NgZDZD,igdm:aWdfZAG1faXRlbToxOklHTWVzc2FnZAUlEOjE3ODQxNDQxMDg3MTkwNTIxOjM0MDI4MjM2Njg0MTcxMDMwMTI0NDI1OTk1MTU4OTkyNzQ4MTg0MDozMjcwOTA5Mzc0NDczNDU0NzQ5MjI3ODkwMTkwNjg2NjE3NgZDZD,,,,,,,,Not tasked,,ibpr:17841441087190521::ibpr:2677086722674534,es,unclassified,unclassified,unclassified,unclassified
2026-03-10 14:25:55,Incoming,Instagram,Direct Message,centrodeelearning,,mariiana.natalia,,https://ig.me/m/mariiana.natalia,https://app.sproutsocial.com/profile/instagram/ibpr:2677086722674534/pmThread/5616170/igdm:aWdfZAG1faXRlbToxOklHTWVzc2FnZAUlEOjE3ODQxNDQxMDg3MTkwNTIxOjM0MDI4MjM2Njg0MTcxMDMwMTI0NDI1OTk1MTU4OTkyNzQ4MTg0MDozMjcwOTA5NDMxMDkwMjU4ODQ1MTYzODc0NTEwMTIzODI3MgZDZD/?prof_type=ibpr&msg_type=ig_dm&msg_type=ig_story_mention&social_message=True&gid=639479&pollinator_source=export,Hola no me responden por whatsapp y estoy esperando desde febrero que me respondan la admisión,,,,No,,,No,,,No,,,No,,,aWdfZAG1faXRlbToxOklHTWVzc2FnZAUlEOjE3ODQxNDQxMDg3MTkwNTIxOjM0MDI4MjM2Njg0MTcxMDMwMTI0NDI1OTk1MTU4OTkyNzQ4MTg0MDozMjcwOTA5NDMxMDkwMjU4ODQ1MTYzODc0NTEwMTIzODI3MgZDZD,igdm:aWdfZAG1faXRlbToxOklHTWVzc2FnZAUlEOjE3ODQxNDQxMDg3MTkwNTIxOjM0MDI4MjM2Njg0MTcxMDMwMTI0NDI1OTk1MTU4OTkyNzQ4MTg0MDozMjcwOTA5NDMxMDkwMjU4ODQ1MTYzODc0NTEwMTIzODI3MgZDZD,,,,,,,,Not tasked,,ibpr:17841441087190521::ibpr:2677086722674534,es,unclassified,unclassified,unclassified,unclassified
2026-03-10 14:28:41,Incoming,Instagram,Direct Message,centrodeelearning,,carmela.asempro,,https://ig.me/m/carmela.asempro,https://app.sproutsocial.com/profile/instagram/ibpr:4533761843523509/pmThread/5616170/igdm:aWdfZAG1faXRlbToxOklHTWVzc2FnZAUlEOjE3ODQxNDQxMDg3MTkwNTIxOjM0MDI4MjM2Njg0MTcxMDMwMTI0NDI3NjI1NTQ4NDA1OTQ1NjU1MDozMjcwOTA5NzM2Mzc1MTI3NjYzNjkxNjA4MDU2NTAyNjgxNgZDZD/?prof_type=ibpr&msg_type=ig_dm&msg_type=ig_story_mention&social_message=True&gid=639479&pollinator_source=export,"Buenas tardes, soy alumna de la carrera de Negociacion de Bienes, tengo que iniciar el segundo cuatrimestre, me anote en la materias durante el plazo que indicaron y figuran en el sitio, dentro de ""mi formación"" sin embargo no estan disponibles en mi campus. Ya llame al los telefono, mande whatsapp y aun no tengo respuesta. Agradezco lo resuelvan lo antes posible para poder iniciar mi cursada.

Gracias!

Carmela",,,,No,,,No,,,No,,,No,,,aWdfZAG1faXRlbToxOklHTWVzc2FnZAUlEOjE3ODQxNDQxMDg3MTkwNTIxOjM0MDI4MjM2Njg0MTcxMDMwMTI0NDI3NjI1NTQ4NDA1OTQ1NjU1MDozMjcwOTA5NzM2Mzc1MTI3NjYzNjkxNjA4MDU2NTAyNjgxNgZDZD,igdm:aWdfZAG1faXRlbToxOklHTWVzc2FnZAUlEOjE3ODQxNDQxMDg3MTkwNTIxOjM0MDI4MjM2Njg0MTcxMDMwMTI0NDI3NjI1NTQ4NDA1OTQ1NjU1MDozMjcwOTA5NzM2Mzc1MTI3NjYzNjkxNjA4MDU2NTAyNjgxNgZDZD,,,,,,,,Not tasked,,ibpr:17841441087190521::ibpr:4533761843523509,es,unclassified,unclassified,unclassified,unclassified
2026-03-10 14:29:29,Incoming,Instagram,Comment,centrodeelearning,,mariiana.natalia,,https://www.instagram.com/p/DVjDPzZklcI/,https://app.sproutsocial.com/profile/instagram/ibpr:2677086722674534/thread/5616170/igmed:17886664614341430/?comment_guid=igc:17905707660204045&comment_created_time=1773163769&gid=639479&pollinator_source=export,Hola estoy esperando desde febrero que me aprueben la inscripción para abonar la matrícula y nadie me responde ni por whatsapp ni por acá necesito un número de contacto real,,,,No,,,No,,,No,,,No,,,17905707660204045,igc:17905707660204045,17886664614341430,,,,2026-03-06 12:15:46,17886664614341430,"En carpintería, los detalles hacen la diferencia. ⚒️

En este webinario vas a descubrir qué hacen distinto quienes logran piezas funcionales, bien resueltas y comercializables.

Vamos a hablar de:

✔️ Materiales según uso real
✔️ Ensambles profesionales
✔️ Optimización de procesos
✔️ Rentabilidad desde el diseño

📅 10/3 | 18:00 h (Arg.)
🎤 Micaela Oporto (@tecnolab.espaciomaker). Diseñadora Industrial y Docente en nuestro Curso de Carpintería Básica. 
💻 En vivo por Zoom
🎟 Con inscripción previa

Reservá tu lugar completando el formulario fijado en comentarios 👇",Not tasked,,,es,unclassified,unclassified,unclassified,unclassified
2026-03-10 14:30:45,Incoming,Instagram,Comment,centrodeelearning,,mariiana.natalia,,https://www.instagram.com/p/DVjDPzZklcI/,https://app.sproutsocial.com/profile/instagram/ibpr:2677086722674534/thread/5616170/igmed:17886664614341430/?comment_guid=igc:18072148409204127&reply_guid=igc:18002567795892940&comment_created_time=1773163845&gid=639479&pollinator_source=export,Hola te lo solucionaron ? Yo envié la admisión en febrero y no me respondieron nunca,,,,No,,,No,,,No,,,No,,,18002567795892940,igc:18002567795892940,17886664614341430,,,,2026-03-06 12:15:46,17886664614341430,"En carpintería, los detalles hacen la diferencia. ⚒️

En este webinario vas a descubrir qué hacen distinto quienes logran piezas funcionales, bien resueltas y comercializables.

Vamos a hablar de:

✔️ Materiales según uso real
✔️ Ensambles profesionales
✔️ Optimización de procesos
✔️ Rentabilidad desde el diseño

📅 10/3 | 18:00 h (Arg.)
🎤 Micaela Oporto (@tecnolab.espaciomaker). Diseñadora Industrial y Docente en nuestro Curso de Carpintería Básica. 
💻 En vivo por Zoom
🎟 Con inscripción previa

Reservá tu lugar completando el formulario fijado en comentarios 👇",Not tasked,,,es,unclassified,unclassified,unclassified,unclassified
2026-03-10 14:41:00,Incoming,Twitter,Follower Alert,elearningUTN,,LulaBernini,,https://twitter.com/LulaBernini,https://app.sproutsocial.com/profile/twitter/twpr:191997972/reply/2035485/f:123268820:191997972:1773164460/?gid=639479&pollinator_source=export,,,,,No,,,No,,,No,,,No,,,123268820:191997972:1773164460,f:123268820:191997972:1773164460,,,,,,,,Not tasked,,,un,unclassified,,unclassified,unclassified
2026-03-10 14:44:00,Incoming,LinkedIn,Company Mention Post,Centro de e-Learning UTN FRBA,,griselda-martínez96,,https://www.linkedin.com/feed/update/urn:li:share:7437191544354271232,https://app.sproutsocial.com/profile/linkedin/lipr:0y2L9iaHcB/thread/4941568/licmp:urn:li:share:7437191544354271232/?gid=639479&pollinator_source=export,"Ayer comenzó una nueva etapa en mi camino profesional: empecé a cursar la Licenciatura en Administración de Empresas en Universidad Tecnológica Nacional Centro de e-Learning UTN FRBA. 📚

Iniciar un nuevo proceso de formación implica asumir desafíos, sostener la disciplina y comprometerse con objetivos a largo plazo. También es una oportunidad para incorporar nuevas herramientas, ampliar la mirada y seguir creciendo tanto en lo profesional como en lo personal.

Con entusiasmo por todo lo que viene en esta nueva etapa de formación y desarrollo. ✨💪🏼📖


#FormaciónContinua #DesarrolloProfesional #Administración ",,,,No,,,No,,,No,,,No,,,urn:li:share:7437191544354271232,licmp:urn:li:share:7437191544354271232,,,,,,,,Not tasked,,,es,unclassified,unclassified,unclassified,unclassified
2026-03-10 14:55:59,Incoming,Instagram,Direct Message,centrodeelearning,,marcelogabrielmesquida,,https://ig.me/m/marcelogabrielmesquida,https://app.sproutsocial.com/profile/instagram/ibpr:1546741903080552/pmThread/5616170/igdm:aWdfZAG1faXRlbToxOklHTWVzc2FnZAUlEOjE3ODQxNDQxMDg3MTkwNTIxOjM0MDI4MjM2Njg0MTcxMDMwMTI0NDI2MDE3NzAwODA1MTYyMjUyMTozMjcwOTEyNzU4MzY2MjEzMDQyOTMyMDQ3ODM0MzU2MTIxNgZDZD/?prof_type=ibpr&msg_type=ig_dm&msg_type=ig_story_mention&social_message=True&gid=639479&pollinator_source=export,Genial,,,,No,,,No,,,No,,,No,,,aWdfZAG1faXRlbToxOklHTWVzc2FnZAUlEOjE3ODQxNDQxMDg3MTkwNTIxOjM0MDI4MjM2Njg0MTcxMDMwMTI0NDI2MDE3NzAwODA1MTYyMjUyMTozMjcwOTEyNzU4MzY2MjEzMDQyOTMyMDQ3ODM0MzU2MTIxNgZDZD,igdm:aWdfZAG1faXRlbToxOklHTWVzc2FnZAUlEOjE3ODQxNDQxMDg3MTkwNTIxOjM0MDI4MjM2Njg0MTcxMDMwMTI0NDI2MDE3NzAwODA1MTYyMjUyMTozMjcwOTEyNzU4MzY2MjEzMDQyOTMyMDQ3ODM0MzU2MTIxNgZDZD,,,,,,,,Not tasked,,ibpr:1546741903080552::ibpr:17841441087190521,en,unclassified,,unclassified,unclassified
2026-03-10 14:56:03,Incoming,Instagram,Direct Message,centrodeelearning,,marcelogabrielmesquida,,https://ig.me/m/marcelogabrielmesquida,https://app.sproutsocial.com/profile/instagram/ibpr:1546741903080552/pmThread/5616170/igdm:aWdfZAG1faXRlbToxOklHTWVzc2FnZAUlEOjE3ODQxNDQxMDg3MTkwNTIxOjM0MDI4MjM2Njg0MTcxMDMwMTI0NDI2MDE3NzAwODA1MTYyMjUyMTozMjcwOTEyNzY2MTMzMzM0NTM5MDAzOTMzNjU0MzU4NDI1NgZDZD/?prof_type=ibpr&msg_type=ig_dm&msg_type=ig_story_mention&social_message=True&gid=639479&pollinator_source=export,Muchas gracias,,,,No,,,No,,,No,,,No,,,aWdfZAG1faXRlbToxOklHTWVzc2FnZAUlEOjE3ODQxNDQxMDg3MTkwNTIxOjM0MDI4MjM2Njg0MTcxMDMwMTI0NDI2MDE3NzAwODA1MTYyMjUyMTozMjcwOTEyNzY2MTMzMzM0NTM5MDAzOTMzNjU0MzU4NDI1NgZDZD,igdm:aWdfZAG1faXRlbToxOklHTWVzc2FnZAUlEOjE3ODQxNDQxMDg3MTkwNTIxOjM0MDI4MjM2Njg0MTcxMDMwMTI0NDI2MDE3NzAwODA1MTYyMjUyMTozMjcwOTEyNzY2MTMzMzM0NTM5MDAzOTMzNjU0MzU4NDI1NgZDZD,,,,,,,,Not tasked,,ibpr:1546741903080552::ibpr:17841441087190521,es,unclassified,unclassified,unclassified,unclassified
2026-03-10 14:56:20,Incoming,Instagram,Direct Message,centrodeelearning,,marcelogabrielmesquida,,https://ig.me/m/marcelogabrielmesquida,https://app.sproutsocial.com/profile/instagram/ibpr:1546741903080552/pmThread/5616170/igdm:aWdfZAG1faXRlbToxOklHTWVzc2FnZAUlEOjE3ODQxNDQxMDg3MTkwNTIxOjM0MDI4MjM2Njg0MTcxMDMwMTI0NDI2MDE3NzAwODA1MTYyMjUyMTozMjcwOTEyNzk2NjMxNzczNzAzOTAyNDgyMjU3NDY0NTI0OAZDZD/?prof_type=ibpr&msg_type=ig_dm&msg_type=ig_story_mention&social_message=True&gid=639479&pollinator_source=export,Es que vengo intentando inscribirme y no me deja,,,,No,,,No,,,No,,,No,,,aWdfZAG1faXRlbToxOklHTWVzc2FnZAUlEOjE3ODQxNDQxMDg3MTkwNTIxOjM0MDI4MjM2Njg0MTcxMDMwMTI0NDI2MDE3NzAwODA1MTYyMjUyMTozMjcwOTEyNzk2NjMxNzczNzAzOTAyNDgyMjU3NDY0NTI0OAZDZD,igdm:aWdfZAG1faXRlbToxOklHTWVzc2FnZAUlEOjE3ODQxNDQxMDg3MTkwNTIxOjM0MDI4MjM2Njg0MTcxMDMwMTI0NDI2MDE3NzAwODA1MTYyMjUyMTozMjcwOTEyNzk2NjMxNzczNzAzOTAyNDgyMjU3NDY0NTI0OAZDZD,,,,,,,,Not tasked,,ibpr:1546741903080552::ibpr:17841441087190521,es,unclassified,unclassified,unclassified,unclassified
